[0;0H╭──────────────────────────────────────────────────────────────────────────────────────────────────────────────────────╮
│  🐡 PufferLib 2.0.0                           CPU: nan%         GPU: nan%         DRAM: 5.0%             VRAM: nan%  │
│                                                                                                                      │
│  Summary                        Value    Evaluate                   0s     0%    Losses                       Value  │
│  Environment               beam_rider      Forward                  0s     0%    policy_loss                  0.000  │
│  Agent Steps                        0      Env                      0s     0%    value_loss                   0.000  │
│  SPS                                0      Misc                     0s     0%    entropy                      0.000  │
│  Epoch                              0    Train                      0s     0%    old_approx_kl                0.000  │
│  Uptime                            0s      Forward                  0s     0%    approx_kl                    0.000  │
│  Remaining                         0s      Learn                    0s     0%    clipfrac                     0.000  │
│                                            Misc                     0s     0%    explained_variance           0.000  │
│                                                                                                                      │
│  User Stats                                        Value    User Stats                                        Value  │
│                                                                                                                      │
│  Message: Model Size: 3.9m parameters                                                                                │
╰──────────────────────────────────────────────────────────────────────────────────────────────────────────────────────╯

[0;0H╭──────────────────────────────────────────────────────────────────────────────────────────────────────────────────────╮
│  🐡 PufferLib 2.0.0                          CPU: 4944.3%       GPU: 17.0%        DRAM: 7.1%            VRAM: 98.7%  │
│                                                                                                                      │
│  Summary                        Value    Evaluate                  11s    88%    Losses                       Value  │
│  Environment               beam_rider      Forward                  9s    70%    policy_loss                 -0.000  │
│  Agent Steps                    30.7k      Env                      0s     2%    value_loss                   7.760  │
│  SPS                             2.3k      Misc                     1s    14%    entropy                      2.197  │
│  Epoch                              1    Train                      0s     0%    old_approx_kl                0.000  │
│  Uptime                           13s      Forward                  0s     1%    approx_kl                    0.000  │
│  Remaining                  1h 5m 15s      Learn                    0s     3%    clipfrac                     0.000  │
│                                            Misc                     0s     0%    explained_variance           0.000  │
│                                                                                                                      │
│  User Stats                                        Value    User Stats                                        Value  │
│                                                                                                                      │
│  Message: Model Size: 3.9m parameters                                                                                │
╰──────────────────────────────────────────────────────────────────────────────────────────────────────────────────────╯

[0;0H╭──────────────────────────────────────────────────────────────────────────────────────────────────────────────────────╮
│  🐡 PufferLib 2.0.0                          CPU: 5324.0%       GPU: 19.9%        DRAM: 8.0%            VRAM: 98.0%  │
│                                                                                                                      │
│  Summary                        Value    Evaluate                  23s    92%    Losses                       Value  │
│  Environment               beam_rider      Forward                 18s    72%    policy_loss                 -0.000  │
│  Agent Steps                    61.4k      Env                      0s     2%    value_loss                   6.034  │
│  SPS                             2.5k      Misc                     3s    15%    entropy                      2.197  │
│  Epoch                              2    Train                      0s     2%    old_approx_kl                0.000  │
│  Uptime                           25s      Forward                  0s     1%    approx_kl                    0.000  │
│  Remaining                   1h 0m 4s      Learn                    0s     3%    clipfrac                     0.000  │
│                                            Misc                     0s     0%    explained_variance           0.000  │
│                                                                                                                      │
│  User Stats                                        Value    User Stats                                        Value  │
│  episode_return                                  281.600    episode_length                                  910.400  │
│                                                                                                                      │
│  Message: Model Size: 3.9m parameters                                                                                │
╰──────────────────────────────────────────────────────────────────────────────────────────────────────────────────────╯

[0;0H╭──────────────────────────────────────────────────────────────────────────────────────────────────────────────────────╮
│  🐡 PufferLib 2.0.0                          CPU: 5378.0%       GPU: 19.7%        DRAM: 8.4%            VRAM: 97.4%  │
│                                                                                                                      │
│  Summary                        Value    Evaluate                  34s    93%    Losses                       Value  │
│  Environment               beam_rider      Forward                 27s    73%    policy_loss                  0.000  │
│  Agent Steps                    92.2k      Env                      0s     2%    value_loss                   5.648  │
│  SPS                             2.5k      Misc                     5s    15%    entropy                      2.195  │
│  Epoch                              3    Train                      1s     3%    old_approx_kl                0.000  │
│  Uptime                           37s      Forward                  0s     1%    approx_kl                    0.000  │
│  Remaining                    59m 40s      Learn                    1s     3%    clipfrac                     0.000  │
│                                            Misc                     0s     0%    explained_variance           0.000  │
│                                                                                                                      │
│  User Stats                                        Value    User Stats                                        Value  │
│  episode_return                                  337.806    episode_length                                 1201.129  │
│                                                                                                                      │
│  Message: Model Size: 3.9m parameters                                                                                │
╰──────────────────────────────────────────────────────────────────────────────────────────────────────────────────────╯

[0;0H╭──────────────────────────────────────────────────────────────────────────────────────────────────────────────────────╮
│  🐡 PufferLib 2.0.0                          CPU: 5359.5%       GPU: 19.9%        DRAM: 8.4%            VRAM: 97.3%  │
│                                                                                                                      │
│  Summary                        Value    Evaluate                  46s    93%    Losses                       Value  │
│  Environment               beam_rider      Forward                 36s    73%    policy_loss                 -0.001  │
│  Agent Steps                   122.9k      Env                      1s     2%    value_loss                   5.916  │
│  SPS                             2.6k      Misc                     7s    15%    entropy                      2.192  │
│  Epoch                              4    Train                      1s     3%    old_approx_kl                0.004  │
│  Uptime                           49s      Forward                  0s     1%    approx_kl                    0.003  │
│  Remaining                    58m 50s      Learn                    1s     2%    clipfrac                     0.000  │
│                                            Misc                     0s     0%    explained_variance           0.001  │
│                                                                                                                      │
│  User Stats                                        Value    User Stats                                        Value  │
│  episode_return                                  443.556    episode_length                                 1586.370  │
│                                                                                                                      │
│  Message: Checkpoint saved at update 3                                                                               │
╰──────────────────────────────────────────────────────────────────────────────────────────────────────────────────────╯

[0;0H╭──────────────────────────────────────────────────────────────────────────────────────────────────────────────────────╮
│  🐡 PufferLib 2.0.0                          CPU: 5381.5%       GPU: 18.5%        DRAM: 8.4%            VRAM: 97.3%  │
│                                                                                                                      │
│  Summary                        Value    Evaluate                  57s    93%    Losses                       Value  │
│  Environment               beam_rider      Forward                 44s    73%    policy_loss                 -0.002  │
│  Agent Steps                   153.6k      Env                      1s     2%    value_loss                   6.943  │
│  SPS                             2.7k      Misc                     9s    15%    entropy                      2.185  │
│  Epoch                              5    Train                      2s     3%    old_approx_kl                0.005  │
│  Uptime                         1m 0s      Forward                  0s     1%    approx_kl                    0.005  │
│  Remaining                    56m 51s      Learn                    1s     2%    clipfrac                     0.001  │
│                                            Misc                     0s     0%    explained_variance           0.001  │
│                                                                                                                      │
│  User Stats                                        Value    User Stats                                        Value  │
│  episode_return                                  296.800    episode_length                                 1192.467  │
│                                                                                                                      │
│  Message: Checkpoint saved at update 3                                                                               │
╰──────────────────────────────────────────────────────────────────────────────────────────────────────────────────────╯

[0;0H╭──────────────────────────────────────────────────────────────────────────────────────────────────────────────────────╮
│  🐡 PufferLib 2.0.0                          CPU: 5376.5%       GPU: 16.9%        DRAM: 8.4%            VRAM: 97.3%  │
│                                                                                                                      │
│  Summary                        Value    Evaluate                1m 7s    94%    Losses                       Value  │
│  Environment               beam_rider      Forward                 53s    73%    policy_loss                 -0.001  │
│  Agent Steps                   184.3k      Env                      1s     2%    value_loss                   6.256  │
│  SPS                             2.7k      Misc                    11s    15%    entropy                      2.189  │
│  Epoch                              6    Train                      2s     4%    old_approx_kl                0.003  │
│  Uptime                        1m 12s      Forward                  0s     1%    approx_kl                    0.003  │
│  Remaining                    55m 31s      Learn                    2s     2%    clipfrac                     0.002  │
│                                            Misc                     0s     0%    explained_variance           0.001  │
│                                                                                                                      │
│  User Stats                                        Value    User Stats                                        Value  │
│  episode_return                                  361.103    episode_length                                 1294.414  │
│                                                                                                                      │
│  Message: Checkpoint saved at update 3                                                                               │
╰──────────────────────────────────────────────────────────────────────────────────────────────────────────────────────╯

[0;0H╭──────────────────────────────────────────────────────────────────────────────────────────────────────────────────────╮
│  🐡 PufferLib 2.0.0                          CPU: 5353.0%       GPU: 21.1%        DRAM: 8.4%            VRAM: 97.3%  │
│                                                                                                                      │
│  Summary                        Value    Evaluate               1m 18s    94%    Losses                       Value  │
│  Environment               beam_rider      Forward               1m 1s    73%    policy_loss                 -0.002  │
│  Agent Steps                   215.0k      Env                      2s     2%    value_loss                   6.305  │
│  SPS                             2.7k      Misc                    13s    15%    entropy                      2.186  │
│  Epoch                              7    Train                      3s     4%    old_approx_kl                0.006  │
│  Uptime                        1m 23s      Forward                  0s     1%    approx_kl                    0.006  │
│  Remaining                    54m 59s      Learn                    2s     2%    clipfrac                     0.005  │
│                                            Misc                     0s     0%    explained_variance           0.004  │
│                                                                                                                      │
│  User Stats                                        Value    User Stats                                        Value  │
│  episode_return                                  416.000    episode_length                                 1418.100  │
│                                                                                                                      │
│  Message: Checkpoint saved at update 6                                                                               │
╰──────────────────────────────────────────────────────────────────────────────────────────────────────────────────────╯

[0;0H╭──────────────────────────────────────────────────────────────────────────────────────────────────────────────────────╮
│  🐡 PufferLib 2.0.0                          CPU: 5375.5%       GPU: 19.4%        DRAM: 8.4%            VRAM: 97.3%  │
│                                                                                                                      │
│  Summary                        Value    Evaluate               1m 29s    94%    Losses                       Value  │
│  Environment               beam_rider      Forward               1m 9s    73%    policy_loss                 -0.001  │
│  Agent Steps                   245.8k      Env                      2s     2%    value_loss                   5.783  │
│  SPS                             2.7k      Misc                    15s    15%    entropy                      2.173  │
│  Epoch                              8    Train                      4s     4%    old_approx_kl                0.009  │
│  Uptime                        1m 34s      Forward                  0s     1%    approx_kl                    0.010  │
│  Remaining                    54m 27s      Learn                    2s     2%    clipfrac                     0.004  │
│                                            Misc                     0s     0%    explained_variance           0.005  │
│                                                                                                                      │
│  User Stats                                        Value    User Stats                                        Value  │
│  episode_return                                  381.920    episode_length                                 1320.680  │
│                                                                                                                      │
│  Message: Checkpoint saved at update 6                                                                               │
╰──────────────────────────────────────────────────────────────────────────────────────────────────────────────────────╯

[0;0H╭──────────────────────────────────────────────────────────────────────────────────────────────────────────────────────╮
│  🐡 PufferLib 2.0.0                          CPU: 5383.5%       GPU: 17.2%        DRAM: 8.4%            VRAM: 97.3%  │
│                                                                                                                      │
│  Summary                        Value    Evaluate               1m 39s    94%    Losses                       Value  │
│  Environment               beam_rider      Forward              1m 17s    73%    policy_loss                 -0.002  │
│  Agent Steps                   276.5k      Env                      2s     2%    value_loss                   5.606  │
│  SPS                             2.8k      Misc                    16s    16%    entropy                      2.158  │
│  Epoch                              9    Train                      4s     4%    old_approx_kl                0.007  │
│  Uptime                        1m 45s      Forward                  1s     1%    approx_kl                    0.007  │
│  Remaining                     54m 1s      Learn                    3s     2%    clipfrac                     0.002  │
│                                            Misc                     0s     0%    explained_variance           0.006  │
│                                                                                                                      │
│  User Stats                                        Value    User Stats                                        Value  │
│  episode_return                                  384.444    episode_length                                 1342.722  │
│                                                                                                                      │
│  Message: Checkpoint saved at update 6                                                                               │
╰──────────────────────────────────────────────────────────────────────────────────────────────────────────────────────╯

[0;0H╭──────────────────────────────────────────────────────────────────────────────────────────────────────────────────────╮
│  🐡 PufferLib 2.0.0                          CPU: 5368.0%       GPU: 16.8%        DRAM: 8.4%            VRAM: 97.3%  │
│                                                                                                                      │
│  Summary                        Value    Evaluate               1m 50s    94%    Losses                       Value  │
│  Environment               beam_rider      Forward              1m 26s    73%    policy_loss                 -0.002  │
│  Agent Steps                   307.2k      Env                      3s     2%    value_loss                   5.960  │
│  SPS                             2.7k      Misc                    18s    16%    entropy                      2.166  │
│  Epoch                             10    Train                      5s     4%    old_approx_kl                0.010  │
│  Uptime                        1m 56s      Forward                  1s     1%    approx_kl                    0.010  │
│  Remaining                    54m 31s      Learn                    3s     2%    clipfrac                     0.004  │
│                                            Misc                     1s     0%    explained_variance           0.010  │
│                                                                                                                      │
│  User Stats                                        Value    User Stats                                        Value  │
│  episode_return                                  371.130    episode_length                                 1379.783  │
│                                                                                                                      │
│  Message: Checkpoint saved at update 9                                                                               │
╰──────────────────────────────────────────────────────────────────────────────────────────────────────────────────────╯

[0;0H╭──────────────────────────────────────────────────────────────────────────────────────────────────────────────────────╮
│  🐡 PufferLib 2.0.0                          CPU: 5365.5%       GPU: 19.6%        DRAM: 8.4%            VRAM: 97.3%  │
│                                                                                                                      │
│  Summary                        Value    Evaluate                2m 2s    94%    Losses                       Value  │
│  Environment               beam_rider      Forward              1m 35s    73%    policy_loss                 -0.002  │
│  Agent Steps                   337.9k      Env                      3s     2%    value_loss                   4.507  │
│  SPS                             2.5k      Misc                    20s    16%    entropy                      2.148  │
│  Epoch                             11    Train                      5s     4%    old_approx_kl                0.007  │
│  Uptime                         2m 9s      Forward                  1s     1%    approx_kl                    0.006  │
│  Remaining                    59m 47s      Learn                    3s     2%    clipfrac                     0.004  │
│                                            Misc                     1s     0%    explained_variance           0.016  │
│                                                                                                                      │
│  User Stats                                        Value    User Stats                                        Value  │
│  episode_return                                  353.714    episode_length                                 1409.714  │
│                                                                                                                      │
│  Message: Checkpoint saved at update 9                                                                               │
╰──────────────────────────────────────────────────────────────────────────────────────────────────────────────────────╯

[0;0H╭──────────────────────────────────────────────────────────────────────────────────────────────────────────────────────╮
│  🐡 PufferLib 2.0.0                          CPU: 5376.0%       GPU: 18.0%        DRAM: 8.4%            VRAM: 97.3%  │
│                                                                                                                      │
│  Summary                        Value    Evaluate               2m 13s    94%    Losses                       Value  │
│  Environment               beam_rider      Forward              1m 44s    73%    policy_loss                 -0.003  │
│  Agent Steps                   368.6k      Env                      3s     2%    value_loss                   5.115  │
│  SPS                             2.6k      Misc                    22s    16%    entropy                      2.087  │
│  Epoch                             12    Train                      6s     4%    old_approx_kl                0.013  │
│  Uptime                        2m 21s      Forward                  1s     1%    approx_kl                    0.012  │
│  Remaining                    56m 12s      Learn                    4s     2%    clipfrac                     0.009  │
│                                            Misc                     1s     0%    explained_variance           0.018  │
│                                                                                                                      │
│  User Stats                                        Value    User Stats                                        Value  │
│  episode_return                                  342.737    episode_length                                 1325.211  │
│                                                                                                                      │
│  Message: Checkpoint saved at update 9                                                                               │
╰──────────────────────────────────────────────────────────────────────────────────────────────────────────────────────╯

[0;0H╭──────────────────────────────────────────────────────────────────────────────────────────────────────────────────────╮
│  🐡 PufferLib 2.0.0                          CPU: 5365.5%       GPU: 16.7%        DRAM: 8.4%            VRAM: 97.3%  │
│                                                                                                                      │
│  Summary                        Value    Evaluate               2m 24s    94%    Losses                       Value  │
│  Environment               beam_rider      Forward              1m 52s    73%    policy_loss                 -0.003  │
│  Agent Steps                   399.4k      Env                      3s     2%    value_loss                   5.058  │
│  SPS                             2.8k      Misc                    24s    16%    entropy                      2.091  │
│  Epoch                             13    Train                      6s     4%    old_approx_kl                0.014  │
│  Uptime                        2m 32s      Forward                  1s     1%    approx_kl                    0.014  │
│  Remaining                    53m 18s      Learn                    4s     2%    clipfrac                     0.009  │
│                                            Misc                     1s     0%    explained_variance           0.020  │
│                                                                                                                      │
│  User Stats                                        Value    User Stats                                        Value  │
│  episode_return                                  324.000    episode_length                                 1333.000  │
│                                                                                                                      │
│  Message: Checkpoint saved at update 12                                                                              │
╰──────────────────────────────────────────────────────────────────────────────────────────────────────────────────────╯

[0;0H╭──────────────────────────────────────────────────────────────────────────────────────────────────────────────────────╮
│  🐡 PufferLib 2.0.0                          CPU: 5371.5%       GPU: 21.1%        DRAM: 8.4%            VRAM: 97.3%  │
│                                                                                                                      │
│  Summary                        Value    Evaluate               2m 34s    94%    Losses                       Value  │
│  Environment               beam_rider      Forward               2m 0s    73%    policy_loss                 -0.005  │
│  Agent Steps                   430.1k      Env                      4s     2%    value_loss                   5.694  │
│  SPS                             2.7k      Misc                    26s    16%    entropy                      2.043  │
│  Epoch                             14    Train                      7s     4%    old_approx_kl                0.023  │
│  Uptime                        2m 43s      Forward                  1s     1%    approx_kl                    0.023  │
│  Remaining                    53m 22s      Learn                    4s     2%    clipfrac                     0.023  │
│                                            Misc                     1s     0%    explained_variance           0.026  │
│                                                                                                                      │
│  User Stats                                        Value    User Stats                                        Value  │
│  episode_return                                  344.000    episode_length                                 1401.182  │
│                                                                                                                      │
│  Message: Checkpoint saved at update 12                                                                              │
╰──────────────────────────────────────────────────────────────────────────────────────────────────────────────────────╯

[0;0H╭──────────────────────────────────────────────────────────────────────────────────────────────────────────────────────╮
│  🐡 PufferLib 2.0.0                          CPU: 5383.5%       GPU: 19.1%        DRAM: 8.4%            VRAM: 97.3%  │
│                                                                                                                      │
│  Summary                        Value    Evaluate               2m 45s    94%    Losses                       Value  │
│  Environment               beam_rider      Forward               2m 9s    73%    policy_loss                 -0.004  │
│  Agent Steps                   460.8k      Env                      4s     2%    value_loss                   6.945  │
│  SPS                             2.7k      Misc                    28s    16%    entropy                      1.994  │
│  Epoch                             15    Train                      7s     4%    old_approx_kl                0.013  │
│  Uptime                        2m 54s      Forward                  1s     1%    approx_kl                    0.014  │
│  Remaining                    53m 43s      Learn                    5s     2%    clipfrac                     0.012  │
│                                            Misc                     1s     0%    explained_variance           0.021  │
│                                                                                                                      │
│  User Stats                                        Value    User Stats                                        Value  │
│  episode_return                                  347.111    episode_length                                 1473.444  │
│                                                                                                                      │
│  Message: Checkpoint saved at update 12                                                                              │
╰──────────────────────────────────────────────────────────────────────────────────────────────────────────────────────╯

[0;0H╭──────────────────────────────────────────────────────────────────────────────────────────────────────────────────────╮
│  🐡 PufferLib 2.0.0                          CPU: 5350.0%       GPU: 15.8%        DRAM: 8.4%            VRAM: 97.3%  │
│                                                                                                                      │
│  Summary                        Value    Evaluate               2m 57s    94%    Losses                       Value  │
│  Environment               beam_rider      Forward              2m 18s    73%    policy_loss                 -0.003  │
│  Agent Steps                   491.5k      Env                      4s     2%    value_loss                   6.828  │
│  SPS                             2.4k      Misc                    30s    16%    entropy                      1.966  │
│  Epoch                             16    Train                      8s     4%    old_approx_kl                0.011  │
│  Uptime                         3m 7s      Forward                  1s     1%    approx_kl                    0.011  │
│  Remaining                    59m 35s      Learn                    5s     2%    clipfrac                     0.007  │
│                                            Misc                     1s     0%    explained_variance           0.024  │
│                                                                                                                      │
│  User Stats                                        Value    User Stats                                        Value  │
│  episode_return                                  381.333    episode_length                                 1447.952  │
│                                                                                                                      │
│  Message: Checkpoint saved at update 15                                                                              │
╰──────────────────────────────────────────────────────────────────────────────────────────────────────────────────────╯

[0;0H╭──────────────────────────────────────────────────────────────────────────────────────────────────────────────────────╮
│  🐡 PufferLib 2.0.0                          CPU: 5381.0%       GPU: 18.8%        DRAM: 8.4%            VRAM: 97.3%  │
│                                                                                                                      │
│  Summary                        Value    Evaluate                3m 7s    94%    Losses                       Value  │
│  Environment               beam_rider      Forward              2m 26s    73%    policy_loss                 -0.004  │
│  Agent Steps                   522.2k      Env                      5s     2%    value_loss                   7.092  │
│  SPS                             2.9k      Misc                    31s    16%    entropy                      2.000  │
│  Epoch                             17    Train                      9s     4%    old_approx_kl                0.011  │
│  Uptime                        3m 17s      Forward                  2s     1%    approx_kl                    0.011  │
│  Remaining                    49m 41s      Learn                    5s     2%    clipfrac                     0.010  │
│                                            Misc                     1s     0%    explained_variance           0.023  │
│                                                                                                                      │
│  User Stats                                        Value    User Stats                                        Value  │
│  episode_return                                  436.960    episode_length                                 1470.440  │
│                                                                                                                      │
│  Message: Checkpoint saved at update 15                                                                              │
╰──────────────────────────────────────────────────────────────────────────────────────────────────────────────────────╯

[0;0H╭──────────────────────────────────────────────────────────────────────────────────────────────────────────────────────╮
│  🐡 PufferLib 2.0.0                          CPU: 5383.5%       GPU: 18.4%        DRAM: 8.4%            VRAM: 97.3%  │
│                                                                                                                      │
│  Summary                        Value    Evaluate               3m 17s    94%    Losses                       Value  │
│  Environment               beam_rider      Forward              2m 34s    73%    policy_loss                 -0.006  │
│  Agent Steps                   553.0k      Env                      5s     2%    value_loss                   6.121  │
│  SPS                             2.9k      Misc                    33s    16%    entropy                      1.941  │
│  Epoch                             18    Train                      9s     4%    old_approx_kl                0.016  │
│  Uptime                        3m 28s      Forward                  2s     1%    approx_kl                    0.016  │
│  Remaining                    50m 33s      Learn                    6s     2%    clipfrac                     0.019  │
│                                            Misc                     1s     0%    explained_variance           0.036  │
│                                                                                                                      │
│  User Stats                                        Value    User Stats                                        Value  │
│  episode_return                                  432.522    episode_length                                 1353.957  │
│                                                                                                                      │
│  Message: Checkpoint saved at update 15                                                                              │
╰──────────────────────────────────────────────────────────────────────────────────────────────────────────────────────╯

[0;0H╭──────────────────────────────────────────────────────────────────────────────────────────────────────────────────────╮
│  🐡 PufferLib 2.0.0                          CPU: 5370.5%       GPU: 20.5%        DRAM: 8.4%            VRAM: 97.3%  │
│                                                                                                                      │
│  Summary                        Value    Evaluate               3m 28s    94%    Losses                       Value  │
│  Environment               beam_rider      Forward              2m 42s    73%    policy_loss                 -0.004  │
│  Agent Steps                   583.7k      Env                      5s     2%    value_loss                   6.790  │
│  SPS                             2.8k      Misc                    35s    16%    entropy                      1.841  │
│  Epoch                             19    Train                     10s     4%    old_approx_kl                0.020  │
│  Uptime                        3m 39s      Forward                  2s     1%    approx_kl                    0.019  │
│  Remaining                     51m 7s      Learn                    6s     2%    clipfrac                     0.016  │
│                                            Misc                     1s     0%    explained_variance           0.036  │
│                                                                                                                      │
│  User Stats                                        Value    User Stats                                        Value  │
│  episode_return                                  419.467    episode_length                                 1378.667  │
│                                                                                                                      │
│  Message: Checkpoint saved at update 18                                                                              │
╰──────────────────────────────────────────────────────────────────────────────────────────────────────────────────────╯

[0;0H╭──────────────────────────────────────────────────────────────────────────────────────────────────────────────────────╮
│  🐡 PufferLib 2.0.0                          CPU: 5388.0%       GPU: 20.1%        DRAM: 8.4%            VRAM: 97.3%  │
│                                                                                                                      │
│  Summary                        Value    Evaluate               3m 38s    94%    Losses                       Value  │
│  Environment               beam_rider      Forward              2m 50s    73%    policy_loss                 -0.004  │
│  Agent Steps                   614.4k      Env                      6s     2%    value_loss                   6.536  │
│  SPS                             2.9k      Misc                    37s    16%    entropy                      1.783  │
│  Epoch                             20    Train                     10s     4%    old_approx_kl                0.019  │
│  Uptime                        3m 50s      Forward                  2s     1%    approx_kl                    0.020  │
│  Remaining                    49m 13s      Learn                    6s     2%    clipfrac                     0.026  │
│                                            Misc                     1s     0%    explained_variance           0.039  │
│                                                                                                                      │
│  User Stats                                        Value    User Stats                                        Value  │
│  episode_return                                  430.364    episode_length                                 1451.864  │
│                                                                                                                      │
│  Message: Checkpoint saved at update 18                                                                              │
╰──────────────────────────────────────────────────────────────────────────────────────────────────────────────────────╯

[0;0H╭──────────────────────────────────────────────────────────────────────────────────────────────────────────────────────╮
│  🐡 PufferLib 2.0.0                          CPU: 5385.5%       GPU: 16.4%        DRAM: 8.4%            VRAM: 97.3%  │
│                                                                                                                      │
│  Summary                        Value    Evaluate               3m 49s    94%    Losses                       Value  │
│  Environment               beam_rider      Forward              2m 59s    74%    policy_loss                 -0.002  │
│  Agent Steps                   645.1k      Env                      6s     2%    value_loss                   6.946  │
│  SPS                             2.5k      Misc                    39s    16%    entropy                      1.826  │
│  Epoch                             21    Train                     11s     4%    old_approx_kl                0.021  │
│  Uptime                         4m 2s      Forward                  2s     1%    approx_kl                    0.022  │
│  Remaining                    56m 33s      Learn                    6s     2%    clipfrac                     0.039  │
│                                            Misc                     2s     0%    explained_variance           0.037  │
│                                                                                                                      │
│  User Stats                                        Value    User Stats                                        Value  │
│  episode_return                                  525.882    episode_length                                 1593.176  │
│                                                                                                                      │
│  Message: Checkpoint saved at update 18                                                                              │
╰──────────────────────────────────────────────────────────────────────────────────────────────────────────────────────╯

[0;0H╭──────────────────────────────────────────────────────────────────────────────────────────────────────────────────────╮
│  🐡 PufferLib 2.0.0                          CPU: 5365.5%       GPU: 18.4%        DRAM: 8.4%            VRAM: 97.3%  │
│                                                                                                                      │
│  Summary                        Value    Evaluate                4m 0s    94%    Losses                       Value  │
│  Environment               beam_rider      Forward               3m 7s    73%    policy_loss                 -0.003  │
│  Agent Steps                   675.8k      Env                      6s     2%    value_loss                   6.841  │
│  SPS                             2.9k      Misc                    40s    16%    entropy                      1.828  │
│  Epoch                             22    Train                     11s     4%    old_approx_kl                0.022  │
│  Uptime                        4m 12s      Forward                  2s     1%    approx_kl                    0.022  │
│  Remaining                    49m 38s      Learn                    7s     2%    clipfrac                     0.030  │
│                                            Misc                     2s     0%    explained_variance           0.058  │
│                                                                                                                      │
│  User Stats                                        Value    User Stats                                        Value  │
│  episode_return                                  486.286    episode_length                                 1590.095  │
│                                                                                                                      │
│  Message: Checkpoint saved at update 21                                                                              │
╰──────────────────────────────────────────────────────────────────────────────────────────────────────────────────────╯

[0;0H╭──────────────────────────────────────────────────────────────────────────────────────────────────────────────────────╮
│  🐡 PufferLib 2.0.0                          CPU: 5382.5%       GPU: 17.4%        DRAM: 8.4%            VRAM: 97.3%  │
│                                                                                                                      │
│  Summary                        Value    Evaluate               4m 10s    94%    Losses                       Value  │
│  Environment               beam_rider      Forward              3m 15s    73%    policy_loss                 -0.003  │
│  Agent Steps                   706.6k      Env                      6s     2%    value_loss                   6.227  │
│  SPS                             2.7k      Misc                    42s    16%    entropy                      1.860  │
│  Epoch                             23    Train                     12s     4%    old_approx_kl                0.017  │
│  Uptime                        4m 24s      Forward                  2s     1%    approx_kl                    0.016  │
│  Remaining                    51m 40s      Learn                    7s     2%    clipfrac                     0.021  │
│                                            Misc                     2s     0%    explained_variance           0.064  │
│                                                                                                                      │
│  User Stats                                        Value    User Stats                                        Value  │
│  episode_return                                  476.348    episode_length                                 1558.174  │
│                                                                                                                      │
│  Message: Checkpoint saved at update 21                                                                              │
╰──────────────────────────────────────────────────────────────────────────────────────────────────────────────────────╯

[0;0H╭──────────────────────────────────────────────────────────────────────────────────────────────────────────────────────╮
│  🐡 PufferLib 2.0.0                          CPU: 5371.5%       GPU: 18.9%        DRAM: 8.4%            VRAM: 97.3%  │
│                                                                                                                      │
│  Summary                        Value    Evaluate               4m 21s    94%    Losses                       Value  │
│  Environment               beam_rider      Forward              3m 23s    73%    policy_loss                 -0.003  │
│  Agent Steps                   737.3k      Env                      7s     2%    value_loss                   6.200  │
│  SPS                             2.7k      Misc                    44s    16%    entropy                      1.909  │
│  Epoch                             24    Train                     12s     4%    old_approx_kl                0.030  │
│  Uptime                        4m 35s      Forward                  2s     1%    approx_kl                    0.029  │
│  Remaining                     52m 3s      Learn                    7s     2%    clipfrac                     0.035  │
│                                            Misc                     2s     0%    explained_variance           0.064  │
│                                                                                                                      │
│  User Stats                                        Value    User Stats                                        Value  │
│  episode_return                                  547.636    episode_length                                 1648.818  │
│                                                                                                                      │
│  Message: Checkpoint saved at update 21                                                                              │
╰──────────────────────────────────────────────────────────────────────────────────────────────────────────────────────╯

[0;0H╭──────────────────────────────────────────────────────────────────────────────────────────────────────────────────────╮
│  🐡 PufferLib 2.0.0                          CPU: 5355.5%       GPU: 17.7%        DRAM: 8.4%            VRAM: 97.3%  │
│                                                                                                                      │
│  Summary                        Value    Evaluate               4m 33s    94%    Losses                       Value  │
│  Environment               beam_rider      Forward              3m 33s    74%    policy_loss                 -0.004  │
│  Agent Steps                   768.0k      Env                      7s     2%    value_loss                   6.807  │
│  SPS                             2.5k      Misc                    46s    16%    entropy                      1.853  │
│  Epoch                             25    Train                     13s     4%    old_approx_kl                0.020  │
│  Uptime                        4m 47s      Forward                  2s     1%    approx_kl                    0.019  │
│  Remaining                    57m 21s      Learn                    8s     2%    clipfrac                     0.023  │
│                                            Misc                     2s     0%    explained_variance           0.090  │
│                                                                                                                      │
│  User Stats                                        Value    User Stats                                        Value  │
│  episode_return                                  503.360    episode_length                                 1578.800  │
│                                                                                                                      │
│  Message: Checkpoint saved at update 24                                                                              │
╰──────────────────────────────────────────────────────────────────────────────────────────────────────────────────────╯

[0;0H╭──────────────────────────────────────────────────────────────────────────────────────────────────────────────────────╮
│  🐡 PufferLib 2.0.0                          CPU: 5375.5%       GPU: 15.6%        DRAM: 8.4%            VRAM: 97.3%  │
│                                                                                                                      │
│  Summary                        Value    Evaluate               4m 44s    94%    Losses                       Value  │
│  Environment               beam_rider      Forward              3m 42s    74%    policy_loss                 -0.003  │
│  Agent Steps                   798.7k      Env                      7s     2%    value_loss                   6.836  │
│  SPS                             2.6k      Misc                    48s    16%    entropy                      1.812  │
│  Epoch                             26    Train                     13s     4%    old_approx_kl                0.022  │
│  Uptime                        4m 59s      Forward                  3s     1%    approx_kl                    0.020  │
│  Remaining                    54m 24s      Learn                    8s     2%    clipfrac                     0.026  │
│                                            Misc                     2s     0%    explained_variance           0.102  │
│                                                                                                                      │
│  User Stats                                        Value    User Stats                                        Value  │
│  episode_return                                  463.467    episode_length                                 1509.267  │
│                                                                                                                      │
│  Message: Checkpoint saved at update 24                                                                              │
╰──────────────────────────────────────────────────────────────────────────────────────────────────────────────────────╯

[0;0H╭──────────────────────────────────────────────────────────────────────────────────────────────────────────────────────╮
│  🐡 PufferLib 2.0.0                          CPU: 5380.0%       GPU: 16.7%        DRAM: 8.4%            VRAM: 97.3%  │
│                                                                                                                      │
│  Summary                        Value    Evaluate               4m 55s    95%    Losses                       Value  │
│  Environment               beam_rider      Forward              3m 50s    74%    policy_loss                 -0.001  │
│  Agent Steps                   829.4k      Env                      8s     2%    value_loss                   6.201  │
│  SPS                             2.8k      Misc                    50s    16%    entropy                      1.868  │
│  Epoch                             27    Train                     14s     4%    old_approx_kl                0.019  │
│  Uptime                        5m 10s      Forward                  3s     1%    approx_kl                    0.018  │
│  Remaining                    50m 26s      Learn                    8s     2%    clipfrac                     0.024  │
│                                            Misc                     2s     0%    explained_variance           0.110  │
│                                                                                                                      │
│  User Stats                                        Value    User Stats                                        Value  │
│  episode_return                                  498.105    episode_length                                 1673.316  │
│                                                                                                                      │
│  Message: Checkpoint saved at update 24                                                                              │
╰──────────────────────────────────────────────────────────────────────────────────────────────────────────────────────╯

[0;0H╭──────────────────────────────────────────────────────────────────────────────────────────────────────────────────────╮
│  🐡 PufferLib 2.0.0                          CPU: 5369.0%       GPU: 17.1%        DRAM: 8.4%            VRAM: 97.3%  │
│                                                                                                                      │
│  Summary                        Value    Evaluate                5m 5s    95%    Losses                       Value  │
│  Environment               beam_rider      Forward              3m 58s    74%    policy_loss                 -0.004  │
│  Agent Steps                   860.2k      Env                      8s     2%    value_loss                   6.361  │
│  SPS                             2.8k      Misc                    52s    16%    entropy                      1.876  │
│  Epoch                             28    Train                     14s     4%    old_approx_kl                0.016  │
│  Uptime                        5m 22s      Forward                  3s     1%    approx_kl                    0.016  │
│  Remaining                    50m 18s      Learn                    9s     2%    clipfrac                     0.022  │
│                                            Misc                     2s     0%    explained_variance           0.113  │
│                                                                                                                      │
│  User Stats                                        Value    User Stats                                        Value  │
│  episode_return                                  549.474    episode_length                                 1715.737  │
│                                                                                                                      │
│  Message: Checkpoint saved at update 27                                                                              │
╰──────────────────────────────────────────────────────────────────────────────────────────────────────────────────────╯

[0;0H╭──────────────────────────────────────────────────────────────────────────────────────────────────────────────────────╮
│  🐡 PufferLib 2.0.0                          CPU: 5382.0%       GPU: 17.1%        DRAM: 8.4%            VRAM: 97.3%  │
│                                                                                                                      │
│  Summary                        Value    Evaluate               5m 16s    95%    Losses                       Value  │
│  Environment               beam_rider      Forward               4m 6s    74%    policy_loss                 -0.002  │
│  Agent Steps                   890.9k      Env                      8s     2%    value_loss                   7.240  │
│  SPS                             2.8k      Misc                    53s    16%    entropy                      1.833  │
│  Epoch                             29    Train                     15s     4%    old_approx_kl                0.013  │
│  Uptime                        5m 33s      Forward                  3s     1%    approx_kl                    0.011  │
│  Remaining                    50m 11s      Learn                    9s     2%    clipfrac                     0.011  │
│                                            Misc                     2s     0%    explained_variance           0.130  │
│                                                                                                                      │
│  User Stats                                        Value    User Stats                                        Value  │
│  episode_return                                  528.200    episode_length                                 1639.500  │
│                                                                                                                      │
│  Message: Checkpoint saved at update 27                                                                              │
╰──────────────────────────────────────────────────────────────────────────────────────────────────────────────────────╯

[0;0H╭──────────────────────────────────────────────────────────────────────────────────────────────────────────────────────╮
│  🐡 PufferLib 2.0.0                          CPU: 5382.5%       GPU: 16.8%        DRAM: 8.4%            VRAM: 97.3%  │
│                                                                                                                      │
│  Summary                        Value    Evaluate               5m 27s    95%    Losses                       Value  │
│  Environment               beam_rider      Forward              4m 15s    74%    policy_loss                 -0.002  │
│  Agent Steps                   921.6k      Env                      9s     2%    value_loss                   7.178  │
│  SPS                             2.8k      Misc                    55s    16%    entropy                      1.855  │
│  Epoch                             30    Train                     15s     4%    old_approx_kl                0.014  │
│  Uptime                        5m 44s      Forward                  3s     1%    approx_kl                    0.014  │
│  Remaining                    50m 15s      Learn                    9s     2%    clipfrac                     0.017  │
│                                            Misc                     2s     0%    explained_variance           0.143  │
│                                                                                                                      │
│  User Stats                                        Value    User Stats                                        Value  │
│  episode_return                                  507.407    episode_length                                 1525.630  │
│                                                                                                                      │
│  Message: Checkpoint saved at update 27                                                                              │
╰──────────────────────────────────────────────────────────────────────────────────────────────────────────────────────╯

[0;0H╭──────────────────────────────────────────────────────────────────────────────────────────────────────────────────────╮
│  🐡 PufferLib 2.0.0                          CPU: 5367.0%       GPU: 16.5%        DRAM: 8.4%            VRAM: 97.3%  │
│                                                                                                                      │
│  Summary                        Value    Evaluate               5m 37s    95%    Losses                       Value  │
│  Environment               beam_rider      Forward              4m 23s    74%    policy_loss                 -0.001  │
│  Agent Steps                   952.3k      Env                      9s     2%    value_loss                   8.172  │
│  SPS                             2.8k      Misc                    57s    16%    entropy                      1.815  │
│  Epoch                             31    Train                     16s     4%    old_approx_kl                0.007  │
│  Uptime                        5m 55s      Forward                  3s     1%    approx_kl                    0.007  │
│  Remaining                    49m 31s      Learn                   10s     2%    clipfrac                     0.007  │
│                                            Misc                     3s     0%    explained_variance           0.152  │
│                                                                                                                      │
│  User Stats                                        Value    User Stats                                        Value  │
│  episode_return                                  486.000    episode_length                                 1399.125  │
│                                                                                                                      │
│  Message: Checkpoint saved at update 30                                                                              │
╰──────────────────────────────────────────────────────────────────────────────────────────────────────────────────────╯

[0;0H╭──────────────────────────────────────────────────────────────────────────────────────────────────────────────────────╮
│  🐡 PufferLib 2.0.0                          CPU: 5383.5%       GPU: 17.9%        DRAM: 8.4%            VRAM: 97.3%  │
│                                                                                                                      │
│  Summary                        Value    Evaluate               5m 48s    95%    Losses                       Value  │
│  Environment               beam_rider      Forward              4m 31s    74%    policy_loss                 -0.002  │
│  Agent Steps                   983.0k      Env                      9s     2%    value_loss                   7.302  │
│  SPS                             2.8k      Misc                    59s    16%    entropy                      1.837  │
│  Epoch                             32    Train                     16s     4%    old_approx_kl                0.012  │
│  Uptime                         6m 6s      Forward                  3s     1%    approx_kl                    0.012  │
│  Remaining                    49m 31s      Learn                   10s     2%    clipfrac                     0.010  │
│                                            Misc                     3s     0%    explained_variance           0.159  │
│                                                                                                                      │
│  User Stats                                        Value    User Stats                                        Value  │
│  episode_return                                  431.750    episode_length                                 1220.688  │
│                                                                                                                      │
│  Message: Checkpoint saved at update 30                                                                              │
╰──────────────────────────────────────────────────────────────────────────────────────────────────────────────────────╯

[0;0H╭──────────────────────────────────────────────────────────────────────────────────────────────────────────────────────╮
│  🐡 PufferLib 2.0.0                          CPU: 5382.0%       GPU: 21.4%        DRAM: 8.4%            VRAM: 97.3%  │
│                                                                                                                      │
│  Summary                        Value    Evaluate               5m 59s    95%    Losses                       Value  │
│  Environment               beam_rider      Forward              4m 39s    74%    policy_loss                 -0.002  │
│  Agent Steps                     1.0m      Env                      9s     2%    value_loss                   7.884  │
│  SPS                             2.7k      Misc                  1m 1s    16%    entropy                      1.817  │
│  Epoch                             33    Train                     17s     4%    old_approx_kl                0.018  │
│  Uptime                        6m 17s      Forward                  3s     1%    approx_kl                    0.018  │
│  Remaining                    49m 52s      Learn                   10s     2%    clipfrac                     0.023  │
│                                            Misc                     3s     0%    explained_variance           0.179  │
│                                                                                                                      │
│  User Stats                                        Value    User Stats                                        Value  │
│  episode_return                                  501.176    episode_length                                 1357.882  │
│                                                                                                                      │
│  Message: Checkpoint saved at update 30                                                                              │
╰──────────────────────────────────────────────────────────────────────────────────────────────────────────────────────╯

[0;0H╭──────────────────────────────────────────────────────────────────────────────────────────────────────────────────────╮
│  🐡 PufferLib 2.0.0                          CPU: 5367.0%       GPU: 19.1%        DRAM: 8.4%            VRAM: 97.3%  │
│                                                                                                                      │
│  Summary                        Value    Evaluate                6m 9s    95%    Losses                       Value  │
│  Environment               beam_rider      Forward              4m 48s    74%    policy_loss                 -0.002  │
│  Agent Steps                     1.0m      Env                     10s     2%    value_loss                   8.737  │
│  SPS                             2.7k      Misc                  1m 3s    16%    entropy                      1.830  │
│  Epoch                             34    Train                     17s     4%    old_approx_kl                0.018  │
│  Uptime                        6m 29s      Forward                  3s     1%    approx_kl                    0.016  │
│  Remaining                    50m 19s      Learn                   11s     2%    clipfrac                     0.017  │
│                                            Misc                     3s     0%    explained_variance           0.189  │
│                                                                                                                      │
│  User Stats                                        Value    User Stats                                        Value  │
│  episode_return                                  502.240    episode_length                                 1263.600  │
│                                                                                                                      │
│  Message: Checkpoint saved at update 33                                                                              │
╰──────────────────────────────────────────────────────────────────────────────────────────────────────────────────────╯

[0;0H╭──────────────────────────────────────────────────────────────────────────────────────────────────────────────────────╮
│  🐡 PufferLib 2.0.0                          CPU: 5372.0%       GPU: 17.0%        DRAM: 8.4%            VRAM: 97.3%  │
│                                                                                                                      │
│  Summary                        Value    Evaluate               6m 20s    95%    Losses                       Value  │
│  Environment               beam_rider      Forward              4m 56s    74%    policy_loss                 -0.003  │
│  Agent Steps                     1.1m      Env                     10s     2%    value_loss                   7.649  │
│  SPS                             2.7k      Misc                  1m 5s    16%    entropy                      1.811  │
│  Epoch                             35    Train                     18s     4%    old_approx_kl                0.019  │
│  Uptime                        6m 40s      Forward                  4s     1%    approx_kl                    0.020  │
│  Remaining                     50m 4s      Learn                   11s     2%    clipfrac                     0.027  │
│                                            Misc                     3s     0%    explained_variance           0.218  │
│                                                                                                                      │
│  User Stats                                        Value    User Stats                                        Value  │
│  episode_return                                  438.333    episode_length                                 1001.458  │
│                                                                                                                      │
│  Message: Checkpoint saved at update 33                                                                              │
╰──────────────────────────────────────────────────────────────────────────────────────────────────────────────────────╯

[0;0H╭──────────────────────────────────────────────────────────────────────────────────────────────────────────────────────╮
│  🐡 PufferLib 2.0.0                          CPU: 5381.5%       GPU: 19.1%        DRAM: 8.4%            VRAM: 97.3%  │
│                                                                                                                      │
│  Summary                        Value    Evaluate               6m 31s    95%    Losses                       Value  │
│  Environment               beam_rider      Forward               5m 4s    74%    policy_loss                 -0.002  │
│  Agent Steps                     1.1m      Env                     10s     2%    value_loss                   8.682  │
│  SPS                             2.7k      Misc                  1m 6s    16%    entropy                      1.803  │
│  Epoch                             36    Train                     19s     4%    old_approx_kl                0.015  │
│  Uptime                        6m 51s      Forward                  4s     1%    approx_kl                    0.015  │
│  Remaining                    49m 43s      Learn                   11s     2%    clipfrac                     0.017  │
│                                            Misc                     3s     0%    explained_variance           0.206  │
│                                                                                                                      │
│  User Stats                                        Value    User Stats                                        Value  │
│  episode_return                                  544.556    episode_length                                 1199.917  │
│                                                                                                                      │
│  Message: Checkpoint saved at update 33                                                                              │
╰──────────────────────────────────────────────────────────────────────────────────────────────────────────────────────╯

[0;0H╭──────────────────────────────────────────────────────────────────────────────────────────────────────────────────────╮
│  🐡 PufferLib 2.0.0                          CPU: 5366.5%       GPU: 19.1%        DRAM: 8.4%            VRAM: 97.3%  │
│                                                                                                                      │
│  Summary                        Value    Evaluate               6m 42s    95%    Losses                       Value  │
│  Environment               beam_rider      Forward              5m 13s    74%    policy_loss                 -0.000  │
│  Agent Steps                     1.1m      Env                     11s     2%    value_loss                   7.912  │
│  SPS                             2.7k      Misc                  1m 8s    16%    entropy                      1.789  │
│  Epoch                             37    Train                     19s     4%    old_approx_kl                0.018  │
│  Uptime                         7m 3s      Forward                  4s     1%    approx_kl                    0.018  │
│  Remaining                     50m 3s      Learn                   11s     2%    clipfrac                     0.024  │
│                                            Misc                     3s     0%    explained_variance           0.243  │
│                                                                                                                      │
│  User Stats                                        Value    User Stats                                        Value  │
│  episode_return                                  477.231    episode_length                                 1053.308  │
│                                                                                                                      │
│  Message: Checkpoint saved at update 36                                                                              │
╰──────────────────────────────────────────────────────────────────────────────────────────────────────────────────────╯

[0;0H╭──────────────────────────────────────────────────────────────────────────────────────────────────────────────────────╮
│  🐡 PufferLib 2.0.0                          CPU: 5382.0%       GPU: 17.0%        DRAM: 8.4%            VRAM: 97.3%  │
│                                                                                                                      │
│  Summary                        Value    Evaluate               6m 53s    95%    Losses                       Value  │
│  Environment               beam_rider      Forward              5m 21s    74%    policy_loss                 -0.000  │
│  Agent Steps                     1.2m      Env                     11s     2%    value_loss                   8.449  │
│  SPS                             2.7k      Misc                 1m 10s    16%    entropy                      1.789  │
│  Epoch                             38    Train                     20s     4%    old_approx_kl                0.019  │
│  Uptime                        7m 14s      Forward                  4s     1%    approx_kl                    0.019  │
│  Remaining                    49m 39s      Learn                   12s     2%    clipfrac                     0.025  │
│                                            Misc                     3s     0%    explained_variance           0.260  │
│                                                                                                                      │
│  User Stats                                        Value    User Stats                                        Value  │
│  episode_return                                  491.125    episode_length                                 1060.062  │
│                                                                                                                      │
│  Message: Checkpoint saved at update 36                                                                              │
╰──────────────────────────────────────────────────────────────────────────────────────────────────────────────────────╯

[0;0H╭──────────────────────────────────────────────────────────────────────────────────────────────────────────────────────╮
│  🐡 PufferLib 2.0.0                          CPU: 5381.5%       GPU: 17.4%        DRAM: 8.4%            VRAM: 97.3%  │
│                                                                                                                      │
│  Summary                        Value    Evaluate                7m 3s    95%    Losses                       Value  │
│  Environment               beam_rider      Forward              5m 30s    74%    policy_loss                  0.004  │
│  Agent Steps                     1.2m      Env                     11s     2%    value_loss                   7.571  │
│  SPS                             2.7k      Misc                 1m 12s    16%    entropy                      1.790  │
│  Epoch                             39    Train                     20s     4%    old_approx_kl                0.021  │
│  Uptime                        7m 25s      Forward                  4s     1%    approx_kl                    0.020  │
│  Remaining                    48m 40s      Learn                   12s     2%    clipfrac                     0.026  │
│                                            Misc                     3s     0%    explained_variance           0.286  │
│                                                                                                                      │
│  User Stats                                        Value    User Stats                                        Value  │
│  episode_return                                  479.111    episode_length                                 1081.056  │
│                                                                                                                      │
│  Message: Checkpoint saved at update 36                                                                              │
╰──────────────────────────────────────────────────────────────────────────────────────────────────────────────────────╯

[0;0H╭──────────────────────────────────────────────────────────────────────────────────────────────────────────────────────╮
│  🐡 PufferLib 2.0.0                          CPU: 5368.5%       GPU: 20.2%        DRAM: 8.4%            VRAM: 97.3%  │
│                                                                                                                      │
│  Summary                        Value    Evaluate               7m 14s    95%    Losses                       Value  │
│  Environment               beam_rider      Forward              5m 38s    74%    policy_loss                  0.001  │
│  Agent Steps                     1.2m      Env                     12s     2%    value_loss                   8.561  │
│  SPS                             2.7k      Misc                 1m 14s    16%    entropy                      1.778  │
│  Epoch                             40    Train                     21s     4%    old_approx_kl                0.018  │
│  Uptime                        7m 37s      Forward                  4s     1%    approx_kl                    0.017  │
│  Remaining                    49m 13s      Learn                   12s     2%    clipfrac                     0.023  │
│                                            Misc                     3s     0%    explained_variance           0.290  │
│                                                                                                                      │
│  User Stats                                        Value    User Stats                                        Value  │
│  episode_return                                  529.514    episode_length                                 1150.892  │
│                                                                                                                      │
│  Message: Checkpoint saved at update 39                                                                              │
╰──────────────────────────────────────────────────────────────────────────────────────────────────────────────────────╯

[0;0H╭──────────────────────────────────────────────────────────────────────────────────────────────────────────────────────╮
│  🐡 PufferLib 2.0.0                          CPU: 5372.0%       GPU: 18.0%        DRAM: 8.4%            VRAM: 97.3%  │
│                                                                                                                      │
│  Summary                        Value    Evaluate               7m 25s    95%    Losses                       Value  │
│  Environment               beam_rider      Forward              5m 46s    74%    policy_loss                 -0.001  │
│  Agent Steps                     1.3m      Env                     12s     2%    value_loss                  10.160  │
│  SPS                             2.7k      Misc                 1m 16s    16%    entropy                      1.765  │
│  Epoch                             41    Train                     21s     4%    old_approx_kl                0.015  │
│  Uptime                        7m 48s      Forward                  4s     1%    approx_kl                    0.013  │
│  Remaining                    48m 38s      Learn                   13s     2%    clipfrac                     0.015  │
│                                            Misc                     4s     0%    explained_variance           0.290  │
│                                                                                                                      │
│  User Stats                                        Value    User Stats                                        Value  │
│  episode_return                                  515.652    episode_length                                 1079.435  │
│                                                                                                                      │
│  Message: Checkpoint saved at update 39                                                                              │
╰──────────────────────────────────────────────────────────────────────────────────────────────────────────────────────╯

[0;0H╭──────────────────────────────────────────────────────────────────────────────────────────────────────────────────────╮
│  🐡 PufferLib 2.0.0                          CPU: 5378.5%       GPU: 17.0%        DRAM: 8.4%            VRAM: 97.3%  │
│                                                                                                                      │
│  Summary                        Value    Evaluate               7m 36s    95%    Losses                       Value  │
│  Environment               beam_rider      Forward              5m 55s    74%    policy_loss                 -0.003  │
│  Agent Steps                     1.3m      Env                     12s     2%    value_loss                   8.218  │
│  SPS                             2.7k      Misc                 1m 17s    16%    entropy                      1.809  │
│  Epoch                             42    Train                     22s     4%    old_approx_kl                0.015  │
│  Uptime                        7m 59s      Forward                  4s     1%    approx_kl                    0.015  │
│  Remaining                    48m 52s      Learn                   13s     2%    clipfrac                     0.020  │
│                                            Misc                     4s     0%    explained_variance           0.318  │
│                                                                                                                      │
│  User Stats                                        Value    User Stats                                        Value  │
│  episode_return                                  530.000    episode_length                                 1042.269  │
│                                                                                                                      │
│  Message: Checkpoint saved at update 39                                                                              │
╰──────────────────────────────────────────────────────────────────────────────────────────────────────────────────────╯

[0;0H╭──────────────────────────────────────────────────────────────────────────────────────────────────────────────────────╮
│  🐡 PufferLib 2.0.0                          CPU: 5366.5%       GPU: 19.6%        DRAM: 8.4%            VRAM: 97.3%  │
│                                                                                                                      │
│  Summary                        Value    Evaluate               7m 46s    95%    Losses                       Value  │
│  Environment               beam_rider      Forward               6m 3s    74%    policy_loss                 -0.000  │
│  Agent Steps                     1.3m      Env                     13s     2%    value_loss                   9.211  │
│  SPS                             2.9k      Misc                 1m 19s    16%    entropy                      1.789  │
│  Epoch                             43    Train                     22s     4%    old_approx_kl                0.016  │
│  Uptime                        8m 10s      Forward                  5s     1%    approx_kl                    0.015  │
│  Remaining                     46m 1s      Learn                   13s     2%    clipfrac                     0.019  │
│                                            Misc                     4s     0%    explained_variance           0.346  │
│                                                                                                                      │
│  User Stats                                        Value    User Stats                                        Value  │
│  episode_return                                  651.429    episode_length                                 1195.964  │
│                                                                                                                      │
│  Message: Checkpoint saved at update 42                                                                              │
╰──────────────────────────────────────────────────────────────────────────────────────────────────────────────────────╯

[0;0H╭──────────────────────────────────────────────────────────────────────────────────────────────────────────────────────╮
│  🐡 PufferLib 2.0.0                          CPU: 5383.0%       GPU: 17.2%        DRAM: 8.4%            VRAM: 97.3%  │
│                                                                                                                      │
│  Summary                        Value    Evaluate               7m 57s    95%    Losses                       Value  │
│  Environment               beam_rider      Forward              6m 11s    74%    policy_loss                 -0.002  │
│  Agent Steps                     1.4m      Env                     13s     2%    value_loss                   8.890  │
│  SPS                             2.6k      Misc                 1m 21s    16%    entropy                      1.763  │
│  Epoch                             44    Train                     23s     4%    old_approx_kl                0.018  │
│  Uptime                        8m 22s      Forward                  5s     1%    approx_kl                    0.018  │
│  Remaining                    49m 52s      Learn                   14s     2%    clipfrac                     0.023  │
│                                            Misc                     4s     0%    explained_variance           0.377  │
│                                                                                                                      │
│  User Stats                                        Value    User Stats                                        Value  │
│  episode_return                                  646.308    episode_length                                 1171.731  │
│                                                                                                                      │
│  Message: Checkpoint saved at update 42                                                                              │
╰──────────────────────────────────────────────────────────────────────────────────────────────────────────────────────╯

[0;0H╭──────────────────────────────────────────────────────────────────────────────────────────────────────────────────────╮
│  🐡 PufferLib 2.0.0                          CPU: 5371.5%       GPU: 16.1%        DRAM: 8.4%            VRAM: 97.3%  │
│                                                                                                                      │
│  Summary                        Value    Evaluate                8m 9s    95%    Losses                       Value  │
│  Environment               beam_rider      Forward              6m 21s    74%    policy_loss                 -0.002  │
│  Agent Steps                     1.4m      Env                     13s     2%    value_loss                   9.137  │
│  SPS                             2.5k      Misc                 1m 23s    16%    entropy                      1.747  │
│  Epoch                             45    Train                     23s     4%    old_approx_kl                0.020  │
│  Uptime                        8m 34s      Forward                  5s     1%    approx_kl                    0.019  │
│  Remaining                    52m 38s      Learn                   14s     2%    clipfrac                     0.022  │
│                                            Misc                     4s     0%    explained_variance           0.385  │
│                                                                                                                      │
│  User Stats                                        Value    User Stats                                        Value  │
│  episode_return                                  586.364    episode_length                                 1111.000  │
│                                                                                                                      │
│  Message: Checkpoint saved at update 42                                                                              │
╰──────────────────────────────────────────────────────────────────────────────────────────────────────────────────────╯

[0;0H╭──────────────────────────────────────────────────────────────────────────────────────────────────────────────────────╮
│  🐡 PufferLib 2.0.0                          CPU: 5346.5%       GPU: 18.1%        DRAM: 8.4%            VRAM: 97.3%  │
│                                                                                                                      │
│  Summary                        Value    Evaluate               8m 20s    95%    Losses                       Value  │
│  Environment               beam_rider      Forward              6m 29s    74%    policy_loss                 -0.001  │
│  Agent Steps                     1.4m      Env                     13s     2%    value_loss                   8.913  │
│  SPS                             2.7k      Misc                 1m 25s    16%    entropy                      1.758  │
│  Epoch                             46    Train                     24s     4%    old_approx_kl                0.020  │
│  Uptime                        8m 45s      Forward                  5s     1%    approx_kl                    0.019  │
│  Remaining                    48m 34s      Learn                   14s     2%    clipfrac                     0.026  │
│                                            Misc                     4s     0%    explained_variance           0.390  │
│                                                                                                                      │
│  User Stats                                        Value    User Stats                                        Value  │
│  episode_return                                  718.621    episode_length                                 1249.276  │
│                                                                                                                      │
│  Message: Checkpoint saved at update 45                                                                              │
╰──────────────────────────────────────────────────────────────────────────────────────────────────────────────────────╯

[0;0H╭──────────────────────────────────────────────────────────────────────────────────────────────────────────────────────╮
│  🐡 PufferLib 2.0.0                          CPU: 5374.5%       GPU: 18.6%        DRAM: 8.4%            VRAM: 97.3%  │
│                                                                                                                      │
│  Summary                        Value    Evaluate               8m 31s    95%    Losses                       Value  │
│  Environment               beam_rider      Forward              6m 38s    74%    policy_loss                 -0.002  │
│  Agent Steps                     1.4m      Env                     14s     2%    value_loss                   9.272  │
│  SPS                             2.6k      Misc                 1m 27s    16%    entropy                      1.721  │
│  Epoch                             47    Train                     24s     4%    old_approx_kl                0.016  │
│  Uptime                        8m 57s      Forward                  5s     1%    approx_kl                    0.015  │
│  Remaining                    49m 51s      Learn                   15s     2%    clipfrac                     0.018  │
│                                            Misc                     4s     0%    explained_variance           0.447  │
│                                                                                                                      │
│  User Stats                                        Value    User Stats                                        Value  │
│  episode_return                                  739.600    episode_length                                 1279.550  │
│                                                                                                                      │
│  Message: Checkpoint saved at update 45                                                                              │
╰──────────────────────────────────────────────────────────────────────────────────────────────────────────────────────╯

[0;0H╭──────────────────────────────────────────────────────────────────────────────────────────────────────────────────────╮
│  🐡 PufferLib 2.0.0                          CPU: 5371.5%       GPU: 18.3%        DRAM: 8.4%            VRAM: 97.3%  │
│                                                                                                                      │
│  Summary                        Value    Evaluate               8m 42s    95%    Losses                       Value  │
│  Environment               beam_rider      Forward              6m 47s    74%    policy_loss                 -0.001  │
│  Agent Steps                     1.5m      Env                     14s     2%    value_loss                   9.023  │
│  SPS                             2.6k      Misc                 1m 29s    16%    entropy                      1.753  │
│  Epoch                             48    Train                     25s     4%    old_approx_kl                0.018  │
│  Uptime                         9m 9s      Forward                  5s     1%    approx_kl                    0.019  │
│  Remaining                    49m 43s      Learn                   15s     2%    clipfrac                     0.025  │
│                                            Misc                     4s     0%    explained_variance           0.447  │
│                                                                                                                      │
│  User Stats                                        Value    User Stats                                        Value  │
│  episode_return                                  675.586    episode_length                                 1191.000  │
│                                                                                                                      │
│  Message: Checkpoint saved at update 45                                                                              │
╰──────────────────────────────────────────────────────────────────────────────────────────────────────────────────────╯

[0;0H╭──────────────────────────────────────────────────────────────────────────────────────────────────────────────────────╮
│  🐡 PufferLib 2.0.0                          CPU: 5356.5%       GPU: 19.2%        DRAM: 8.4%            VRAM: 97.3%  │
│                                                                                                                      │
│  Summary                        Value    Evaluate               8m 54s    95%    Losses                       Value  │
│  Environment               beam_rider      Forward              6m 56s    74%    policy_loss                 -0.001  │
│  Agent Steps                     1.5m      Env                     14s     2%    value_loss                   9.356  │
│  SPS                             2.5k      Misc                 1m 31s    16%    entropy                      1.741  │
│  Epoch                             49    Train                     26s     4%    old_approx_kl                0.021  │
│  Uptime                        9m 22s      Forward                  5s     1%    approx_kl                    0.020  │
│  Remaining                    51m 56s      Learn                   15s     2%    clipfrac                     0.024  │
│                                            Misc                     4s     0%    explained_variance           0.477  │
│                                                                                                                      │
│  User Stats                                        Value    User Stats                                        Value  │
│  episode_return                                  804.480    episode_length                                 1277.640  │
│                                                                                                                      │
│  Message: Checkpoint saved at update 48                                                                              │
╰──────────────────────────────────────────────────────────────────────────────────────────────────────────────────────╯

[0;0H╭──────────────────────────────────────────────────────────────────────────────────────────────────────────────────────╮
│  🐡 PufferLib 2.0.0                          CPU: 5371.5%       GPU: 17.6%        DRAM: 8.4%            VRAM: 97.3%  │
│                                                                                                                      │
│  Summary                        Value    Evaluate                9m 6s    95%    Losses                       Value  │
│  Environment               beam_rider      Forward               7m 5s    74%    policy_loss                  0.000  │
│  Agent Steps                     1.5m      Env                     15s     2%    value_loss                   8.612  │
│  SPS                             2.5k      Misc                 1m 33s    16%    entropy                      1.725  │
│  Epoch                             50    Train                     26s     4%    old_approx_kl                0.017  │
│  Uptime                        9m 34s      Forward                  5s     1%    approx_kl                    0.018  │
│  Remaining                    51m 28s      Learn                   16s     2%    clipfrac                     0.023  │
│                                            Misc                     4s     0%    explained_variance           0.507  │
│                                                                                                                      │
│  User Stats                                        Value    User Stats                                        Value  │
│  episode_return                                  735.231    episode_length                                 1200.615  │
│                                                                                                                      │
│  Message: Checkpoint saved at update 48                                                                              │
╰──────────────────────────────────────────────────────────────────────────────────────────────────────────────────────╯

[0;0H╭──────────────────────────────────────────────────────────────────────────────────────────────────────────────────────╮
│  🐡 PufferLib 2.0.0                          CPU: 5372.5%       GPU: 15.7%        DRAM: 8.4%            VRAM: 97.3%  │
│                                                                                                                      │
│  Summary                        Value    Evaluate               9m 18s    95%    Losses                       Value  │
│  Environment               beam_rider      Forward              7m 15s    74%    policy_loss                 -0.000  │
│  Agent Steps                     1.6m      Env                     15s     2%    value_loss                   9.134  │
│  SPS                             2.5k      Misc                 1m 35s    16%    entropy                      1.719  │
│  Epoch                             51    Train                     27s     4%    old_approx_kl                0.019  │
│  Uptime                        9m 46s      Forward                  5s     1%    approx_kl                    0.020  │
│  Remaining                    51m 17s      Learn                   16s     2%    clipfrac                     0.026  │
│                                            Misc                     5s     0%    explained_variance           0.538  │
│                                                                                                                      │
│  User Stats                                        Value    User Stats                                        Value  │
│  episode_return                                  719.667    episode_length                                 1173.625  │
│                                                                                                                      │
│  Message: Checkpoint saved at update 48                                                                              │
╰──────────────────────────────────────────────────────────────────────────────────────────────────────────────────────╯

[0;0H╭──────────────────────────────────────────────────────────────────────────────────────────────────────────────────────╮
│  🐡 PufferLib 2.0.0                          CPU: 5357.0%       GPU: 20.4%        DRAM: 8.4%            VRAM: 97.3%  │
│                                                                                                                      │
│  Summary                        Value    Evaluate               9m 29s    95%    Losses                       Value  │
│  Environment               beam_rider      Forward              7m 23s    74%    policy_loss                 -0.002  │
│  Agent Steps                     1.6m      Env                     15s     2%    value_loss                   9.756  │
│  SPS                             2.7k      Misc                 1m 36s    16%    entropy                      1.724  │
│  Epoch                             52    Train                     27s     4%    old_approx_kl                0.015  │
│  Uptime                        9m 58s      Forward                  6s     1%    approx_kl                    0.014  │
│  Remaining                     47m 0s      Learn                   16s     2%    clipfrac                     0.017  │
│                                            Misc                     5s     0%    explained_variance           0.540  │
│                                                                                                                      │
│  User Stats                                        Value    User Stats                                        Value  │
│  episode_return                                  819.826    episode_length                                 1299.522  │
│                                                                                                                      │
│  Message: Checkpoint saved at update 51                                                                              │
╰──────────────────────────────────────────────────────────────────────────────────────────────────────────────────────╯

[0;0H╭──────────────────────────────────────────────────────────────────────────────────────────────────────────────────────╮
│  🐡 PufferLib 2.0.0                          CPU: 5373.5%       GPU: 18.9%        DRAM: 8.4%            VRAM: 97.3%  │
│                                                                                                                      │
│  Summary                        Value    Evaluate               9m 39s    95%    Losses                       Value  │
│  Environment               beam_rider      Forward              7m 31s    74%    policy_loss                 -0.001  │
│  Agent Steps                     1.6m      Env                     16s     2%    value_loss                   8.978  │
│  SPS                             2.7k      Misc                 1m 38s    16%    entropy                      1.740  │
│  Epoch                             53    Train                     28s     4%    old_approx_kl                0.018  │
│  Uptime                        10m 9s      Forward                  6s     1%    approx_kl                    0.018  │
│  Remaining                    46m 14s      Learn                   17s     2%    clipfrac                     0.025  │
│                                            Misc                     5s     0%    explained_variance           0.569  │
│                                                                                                                      │
│  User Stats                                        Value    User Stats                                        Value  │
│  episode_return                                  817.739    episode_length                                 1236.957  │
│                                                                                                                      │
│  Message: Checkpoint saved at update 51                                                                              │
╰──────────────────────────────────────────────────────────────────────────────────────────────────────────────────────╯

[0;0H╭──────────────────────────────────────────────────────────────────────────────────────────────────────────────────────╮
│  🐡 PufferLib 2.0.0                          CPU: 5382.0%       GPU: 17.0%        DRAM: 8.4%            VRAM: 97.3%  │
│                                                                                                                      │
│  Summary                        Value    Evaluate               9m 50s    95%    Losses                       Value  │
│  Environment               beam_rider      Forward              7m 40s    74%    policy_loss                 -0.002  │
│  Agent Steps                     1.7m      Env                     16s     2%    value_loss                   8.923  │
│  SPS                             2.7k      Misc                 1m 40s    16%    entropy                      1.727  │
│  Epoch                             54    Train                     28s     4%    old_approx_kl                0.015  │
│  Uptime                       10m 20s      Forward                  6s     1%    approx_kl                    0.016  │
│  Remaining                    46m 13s      Learn                   17s     2%    clipfrac                     0.020  │
│                                            Misc                     5s     0%    explained_variance           0.601  │
│                                                                                                                      │
│  User Stats                                        Value    User Stats                                        Value  │
│  episode_return                                  805.286    episode_length                                 1238.000  │
│                                                                                                                      │
│  Message: Checkpoint saved at update 51                                                                              │
╰──────────────────────────────────────────────────────────────────────────────────────────────────────────────────────╯

[0;0H╭──────────────────────────────────────────────────────────────────────────────────────────────────────────────────────╮
│  🐡 PufferLib 2.0.0                          CPU: 5367.5%       GPU: 18.9%        DRAM: 8.4%            VRAM: 97.3%  │
│                                                                                                                      │
│  Summary                        Value    Evaluate               10m 1s    95%    Losses                       Value  │
│  Environment               beam_rider      Forward              7m 48s    74%    policy_loss                 -0.002  │
│  Agent Steps                     1.7m      Env                     16s     2%    value_loss                   8.442  │
│  SPS                             2.7k      Misc                 1m 42s    16%    entropy                      1.723  │
│  Epoch                             55    Train                     29s     4%    old_approx_kl                0.021  │
│  Uptime                       10m 31s      Forward                  6s     1%    approx_kl                    0.020  │
│  Remaining                    46m 23s      Learn                   17s     2%    clipfrac                     0.024  │
│                                            Misc                     5s     0%    explained_variance           0.634  │
│                                                                                                                      │
│  User Stats                                        Value    User Stats                                        Value  │
│  episode_return                                  836.320    episode_length                                 1236.800  │
│                                                                                                                      │
│  Message: Checkpoint saved at update 54                                                                              │
╰──────────────────────────────────────────────────────────────────────────────────────────────────────────────────────╯

[0;0H╭──────────────────────────────────────────────────────────────────────────────────────────────────────────────────────╮
│  🐡 PufferLib 2.0.0                          CPU: 5383.0%       GPU: 20.9%        DRAM: 8.4%            VRAM: 97.3%  │
│                                                                                                                      │
│  Summary                        Value    Evaluate              10m 12s    95%    Losses                       Value  │
│  Environment               beam_rider      Forward              7m 56s    74%    policy_loss                 -0.002  │
│  Agent Steps                     1.7m      Env                     17s     2%    value_loss                   8.955  │
│  SPS                             2.7k      Misc                 1m 44s    16%    entropy                      1.684  │
│  Epoch                             56    Train                     29s     4%    old_approx_kl                0.026  │
│  Uptime                       10m 43s      Forward                  6s     1%    approx_kl                    0.024  │
│  Remaining                    45m 49s      Learn                   18s     2%    clipfrac                     0.033  │
│                                            Misc                     5s     0%    explained_variance           0.647  │
│                                                                                                                      │
│  User Stats                                        Value    User Stats                                        Value  │
│  episode_return                                  789.333    episode_length                                 1213.074  │
│                                                                                                                      │
│  Message: Checkpoint saved at update 54                                                                              │
╰──────────────────────────────────────────────────────────────────────────────────────────────────────────────────────╯

[0;0H╭──────────────────────────────────────────────────────────────────────────────────────────────────────────────────────╮
│  🐡 PufferLib 2.0.0                          CPU: 5382.0%       GPU: 18.6%        DRAM: 8.4%            VRAM: 97.3%  │
│                                                                                                                      │
│  Summary                        Value    Evaluate              10m 22s    95%    Losses                       Value  │
│  Environment               beam_rider      Forward               8m 5s    74%    policy_loss                 -0.001  │
│  Agent Steps                     1.8m      Env                     17s     2%    value_loss                   9.111  │
│  SPS                             2.7k      Misc                 1m 46s    16%    entropy                      1.646  │
│  Epoch                             57    Train                     30s     4%    old_approx_kl                0.027  │
│  Uptime                       10m 54s      Forward                  6s     1%    approx_kl                    0.025  │
│  Remaining                    45m 46s      Learn                   18s     2%    clipfrac                     0.031  │
│                                            Misc                     5s     0%    explained_variance           0.675  │
│                                                                                                                      │
│  User Stats                                        Value    User Stats                                        Value  │
│  episode_return                                  798.783    episode_length                                 1221.565  │
│                                                                                                                      │
│  Message: Checkpoint saved at update 54                                                                              │
╰──────────────────────────────────────────────────────────────────────────────────────────────────────────────────────╯

[0;0H╭──────────────────────────────────────────────────────────────────────────────────────────────────────────────────────╮
│  🐡 PufferLib 2.0.0                          CPU: 5351.5%       GPU: 16.8%        DRAM: 8.4%            VRAM: 97.3%  │
│                                                                                                                      │
│  Summary                        Value    Evaluate              10m 33s    95%    Losses                       Value  │
│  Environment               beam_rider      Forward              8m 13s    74%    policy_loss                 -0.001  │
│  Agent Steps                     1.8m      Env                     17s     2%    value_loss                   8.147  │
│  SPS                             2.7k      Misc                 1m 48s    16%    entropy                      1.675  │
│  Epoch                             58    Train                     31s     4%    old_approx_kl                0.027  │
│  Uptime                        11m 5s      Forward                  6s     1%    approx_kl                    0.025  │
│  Remaining                    45m 35s      Learn                   18s     2%    clipfrac                     0.033  │
│                                            Misc                     5s     0%    explained_variance           0.696  │
│                                                                                                                      │
│  User Stats                                        Value    User Stats                                        Value  │
│  episode_return                                  862.957    episode_length                                 1250.261  │
│                                                                                                                      │
│  Message: Checkpoint saved at update 57                                                                              │
╰──────────────────────────────────────────────────────────────────────────────────────────────────────────────────────╯

[0;0H╭──────────────────────────────────────────────────────────────────────────────────────────────────────────────────────╮
│  🐡 PufferLib 2.0.0                          CPU: 5384.5%       GPU: 19.2%        DRAM: 8.4%            VRAM: 97.3%  │
│                                                                                                                      │
│  Summary                        Value    Evaluate              10m 44s    95%    Losses                       Value  │
│  Environment               beam_rider      Forward              8m 21s    74%    policy_loss                 -0.003  │
│  Agent Steps                     1.8m      Env                     17s     2%    value_loss                   8.745  │
│  SPS                             2.8k      Misc                 1m 49s    16%    entropy                      1.650  │
│  Epoch                             59    Train                     31s     4%    old_approx_kl                0.027  │
│  Uptime                       11m 16s      Forward                  6s     1%    approx_kl                    0.026  │
│  Remaining                    44m 40s      Learn                   18s     2%    clipfrac                     0.039  │
│                                            Misc                     5s     0%    explained_variance           0.689  │
│                                                                                                                      │
│  User Stats                                        Value    User Stats                                        Value  │
│  episode_return                                  865.273    episode_length                                 1327.045  │
│                                                                                                                      │
│  Message: Checkpoint saved at update 57                                                                              │
╰──────────────────────────────────────────────────────────────────────────────────────────────────────────────────────╯

[0;0H╭──────────────────────────────────────────────────────────────────────────────────────────────────────────────────────╮
│  🐡 PufferLib 2.0.0                          CPU: 5384.5%       GPU: 21.4%        DRAM: 8.4%            VRAM: 97.3%  │
│                                                                                                                      │
│  Summary                        Value    Evaluate              10m 54s    95%    Losses                       Value  │
│  Environment               beam_rider      Forward              8m 30s    74%    policy_loss                 -0.001  │
│  Agent Steps                     1.8m      Env                     18s     2%    value_loss                   8.163  │
│  SPS                             2.8k      Misc                 1m 51s    16%    entropy                      1.657  │
│  Epoch                             60    Train                     32s     4%    old_approx_kl                0.028  │
│  Uptime                       11m 28s      Forward                  7s     1%    approx_kl                    0.027  │
│  Remaining                    44m 26s      Learn                   19s     2%    clipfrac                     0.036  │
│                                            Misc                     5s     0%    explained_variance           0.729  │
│                                                                                                                      │
│  User Stats                                        Value    User Stats                                        Value  │
│  episode_return                                  882.727    episode_length                                 1270.864  │
│                                                                                                                      │
│  Message: Checkpoint saved at update 57                                                                              │
╰──────────────────────────────────────────────────────────────────────────────────────────────────────────────────────╯

[0;0H╭──────────────────────────────────────────────────────────────────────────────────────────────────────────────────────╮
│  🐡 PufferLib 2.0.0                          CPU: 5369.5%       GPU: 21.4%        DRAM: 8.4%            VRAM: 97.3%  │
│                                                                                                                      │
│  Summary                        Value    Evaluate               11m 5s    95%    Losses                       Value  │
│  Environment               beam_rider      Forward              8m 38s    74%    policy_loss                 -0.000  │
│  Agent Steps                     1.9m      Env                     18s     2%    value_loss                   8.284  │
│  SPS                             2.8k      Misc                 1m 53s    16%    entropy                      1.614  │
│  Epoch                             61    Train                     32s     4%    old_approx_kl                0.021  │
│  Uptime                       11m 39s      Forward                  7s     1%    approx_kl                    0.021  │
│  Remaining                    44m 19s      Learn                   19s     2%    clipfrac                     0.027  │
│                                            Misc                     6s     0%    explained_variance           0.754  │
│                                                                                                                      │
│  User Stats                                        Value    User Stats                                        Value  │
│  episode_return                                  912.444    episode_length                                 1281.630  │
│                                                                                                                      │
│  Message: Checkpoint saved at update 60                                                                              │
╰──────────────────────────────────────────────────────────────────────────────────────────────────────────────────────╯

[0;0H╭──────────────────────────────────────────────────────────────────────────────────────────────────────────────────────╮
│  🐡 PufferLib 2.0.0                          CPU: 5385.0%       GPU: 20.4%        DRAM: 8.4%            VRAM: 97.3%  │
│                                                                                                                      │
│  Summary                        Value    Evaluate              11m 15s    95%    Losses                       Value  │
│  Environment               beam_rider      Forward              8m 46s    74%    policy_loss                 -0.001  │
│  Agent Steps                     1.9m      Env                     18s     2%    value_loss                   8.290  │
│  SPS                             2.8k      Misc                 1m 55s    16%    entropy                      1.582  │
│  Epoch                             62    Train                     33s     4%    old_approx_kl                0.017  │
│  Uptime                       11m 50s      Forward                  7s     1%    approx_kl                    0.018  │
│  Remaining                    43m 48s      Learn                   19s     2%    clipfrac                     0.020  │
│                                            Misc                     6s     0%    explained_variance           0.780  │
│                                                                                                                      │
│  User Stats                                        Value    User Stats                                        Value  │
│  episode_return                                  916.500    episode_length                                 1334.292  │
│                                                                                                                      │
│  Message: Checkpoint saved at update 60                                                                              │
╰──────────────────────────────────────────────────────────────────────────────────────────────────────────────────────╯

[0;0H╭──────────────────────────────────────────────────────────────────────────────────────────────────────────────────────╮
│  🐡 PufferLib 2.0.0                          CPU: 5385.0%       GPU: 20.6%        DRAM: 8.4%            VRAM: 97.3%  │
│                                                                                                                      │
│  Summary                        Value    Evaluate              11m 26s    95%    Losses                       Value  │
│  Environment               beam_rider      Forward              8m 54s    74%    policy_loss                 -0.001  │
│  Agent Steps                     1.9m      Env                     19s     2%    value_loss                   9.105  │
│  SPS                             2.8k      Misc                 1m 57s    16%    entropy                      1.583  │
│  Epoch                             63    Train                     33s     4%    old_approx_kl                0.022  │
│  Uptime                        12m 1s      Forward                  7s     1%    approx_kl                    0.020  │
│  Remaining                    43m 39s      Learn                   20s     2%    clipfrac                     0.028  │
│                                            Misc                     6s     0%    explained_variance           0.775  │
│                                                                                                                      │
│  User Stats                                        Value    User Stats                                        Value  │
│  episode_return                                  912.000    episode_length                                 1258.350  │
│                                                                                                                      │
│  Message: Checkpoint saved at update 60                                                                              │
╰──────────────────────────────────────────────────────────────────────────────────────────────────────────────────────╯

[0;0H╭──────────────────────────────────────────────────────────────────────────────────────────────────────────────────────╮
│  🐡 PufferLib 2.0.0                          CPU: 5369.5%       GPU: 20.1%        DRAM: 8.4%            VRAM: 97.3%  │
│                                                                                                                      │
│  Summary                        Value    Evaluate              11m 37s    95%    Losses                       Value  │
│  Environment               beam_rider      Forward               9m 3s    74%    policy_loss                 -0.000  │
│  Agent Steps                     2.0m      Env                     19s     2%    value_loss                   8.665  │
│  SPS                             2.8k      Misc                 1m 58s    16%    entropy                      1.625  │
│  Epoch                             64    Train                     34s     4%    old_approx_kl                0.020  │
│  Uptime                       12m 12s      Forward                  7s     1%    approx_kl                    0.020  │
│  Remaining                    43m 55s      Learn                   20s     2%    clipfrac                     0.026  │
│                                            Misc                     6s     0%    explained_variance           0.787  │
│                                                                                                                      │
│  User Stats                                        Value    User Stats                                        Value  │
│  episode_return                                  951.692    episode_length                                 1309.462  │
│                                                                                                                      │
│  Message: Checkpoint saved at update 63                                                                              │
╰──────────────────────────────────────────────────────────────────────────────────────────────────────────────────────╯

[0;0H╭──────────────────────────────────────────────────────────────────────────────────────────────────────────────────────╮
│  🐡 PufferLib 2.0.0                          CPU: 5384.5%       GPU: 17.8%        DRAM: 8.4%            VRAM: 97.3%  │
│                                                                                                                      │
│  Summary                        Value    Evaluate              11m 47s    95%    Losses                       Value  │
│  Environment               beam_rider      Forward              9m 11s    74%    policy_loss                 -0.002  │
│  Agent Steps                     2.0m      Env                     19s     2%    value_loss                   9.737  │
│  SPS                             2.8k      Misc                  2m 0s    16%    entropy                      1.526  │
│  Epoch                             65    Train                     34s     4%    old_approx_kl                0.030  │
│  Uptime                       12m 23s      Forward                  7s     1%    approx_kl                    0.028  │
│  Remaining                    43m 24s      Learn                   20s     2%    clipfrac                     0.041  │
│                                            Misc                     6s     0%    explained_variance           0.822  │
│                                                                                                                      │
│  User Stats                                        Value    User Stats                                        Value  │
│  episode_return                                 1034.857    episode_length                                 1416.857  │
│                                                                                                                      │
│  Message: Checkpoint saved at update 63                                                                              │
╰──────────────────────────────────────────────────────────────────────────────────────────────────────────────────────╯

[0;0H╭──────────────────────────────────────────────────────────────────────────────────────────────────────────────────────╮
│  🐡 PufferLib 2.0.0                          CPU: 5385.0%       GPU: 17.0%        DRAM: 8.4%            VRAM: 97.3%  │
│                                                                                                                      │
│  Summary                        Value    Evaluate              11m 58s    95%    Losses                       Value  │
│  Environment               beam_rider      Forward              9m 19s    74%    policy_loss                  0.002  │
│  Agent Steps                     2.0m      Env                     20s     2%    value_loss                   8.769  │
│  SPS                             2.8k      Misc                  2m 2s    16%    entropy                      1.590  │
│  Epoch                             66    Train                     35s     4%    old_approx_kl                0.021  │
│  Uptime                       12m 34s      Forward                  7s     1%    approx_kl                    0.020  │
│  Remaining                     43m 7s      Learn                   21s     2%    clipfrac                     0.025  │
│                                            Misc                     6s     0%    explained_variance           0.819  │
│                                                                                                                      │
│  User Stats                                        Value    User Stats                                        Value  │
│  episode_return                                  881.760    episode_length                                 1255.280  │
│                                                                                                                      │
│  Message: Checkpoint saved at update 63                                                                              │
╰──────────────────────────────────────────────────────────────────────────────────────────────────────────────────────╯

[0;0H╭──────────────────────────────────────────────────────────────────────────────────────────────────────────────────────╮
│  🐡 PufferLib 2.0.0                          CPU: 5367.0%       GPU: 17.0%        DRAM: 8.4%            VRAM: 97.3%  │
│                                                                                                                      │
│  Summary                        Value    Evaluate               12m 8s    95%    Losses                       Value  │
│  Environment               beam_rider      Forward              9m 27s    74%    policy_loss                 -0.001  │
│  Agent Steps                     2.1m      Env                     20s     2%    value_loss                   9.914  │
│  SPS                             2.7k      Misc                  2m 4s    16%    entropy                      1.557  │
│  Epoch                             67    Train                     35s     4%    old_approx_kl                0.021  │
│  Uptime                       12m 45s      Forward                  7s     1%    approx_kl                    0.020  │
│  Remaining                    43m 22s      Learn                   21s     2%    clipfrac                     0.025  │
│                                            Misc                     6s     0%    explained_variance           0.807  │
│                                                                                                                      │
│  User Stats                                        Value    User Stats                                        Value  │
│  episode_return                                  922.857    episode_length                                 1326.286  │
│                                                                                                                      │
│  Message: Checkpoint saved at update 66                                                                              │
╰──────────────────────────────────────────────────────────────────────────────────────────────────────────────────────╯

[0;0H╭──────────────────────────────────────────────────────────────────────────────────────────────────────────────────────╮
│  🐡 PufferLib 2.0.0                          CPU: 5385.0%       GPU: 17.0%        DRAM: 8.4%            VRAM: 97.3%  │
│                                                                                                                      │
│  Summary                        Value    Evaluate              12m 19s    95%    Losses                       Value  │
│  Environment               beam_rider      Forward              9m 36s    74%    policy_loss                 -0.000  │
│  Agent Steps                     2.1m      Env                     20s     2%    value_loss                  10.032  │
│  SPS                             2.8k      Misc                  2m 6s    16%    entropy                      1.543  │
│  Epoch                             68    Train                     36s     4%    old_approx_kl                0.025  │
│  Uptime                       12m 56s      Forward                  7s     1%    approx_kl                    0.025  │
│  Remaining                     43m 8s      Learn                   21s     2%    clipfrac                     0.037  │
│                                            Misc                     6s     0%    explained_variance           0.825  │
│                                                                                                                      │
│  User Stats                                        Value    User Stats                                        Value  │
│  episode_return                                 1055.619    episode_length                                 1438.429  │
│                                                                                                                      │
│  Message: Checkpoint saved at update 66                                                                              │
╰──────────────────────────────────────────────────────────────────────────────────────────────────────────────────────╯

[0;0H╭──────────────────────────────────────────────────────────────────────────────────────────────────────────────────────╮
│  🐡 PufferLib 2.0.0                          CPU: 5385.0%       GPU: 19.2%        DRAM: 8.4%            VRAM: 97.3%  │
│                                                                                                                      │
│  Summary                        Value    Evaluate              12m 30s    95%    Losses                       Value  │
│  Environment               beam_rider      Forward              9m 44s    74%    policy_loss                 -0.001  │
│  Agent Steps                     2.1m      Env                     20s     2%    value_loss                  10.033  │
│  SPS                             2.8k      Misc                  2m 8s    16%    entropy                      1.554  │
│  Epoch                             69    Train                     36s     4%    old_approx_kl                0.020  │
│  Uptime                        13m 8s      Forward                  8s     1%    approx_kl                    0.020  │
│  Remaining                    42m 55s      Learn                   21s     2%    clipfrac                     0.027  │
│                                            Misc                     6s     0%    explained_variance           0.830  │
│                                                                                                                      │
│  User Stats                                        Value    User Stats                                        Value  │
│  episode_return                                 1055.704    episode_length                                 1379.111  │
│                                                                                                                      │
│  Message: Checkpoint saved at update 66                                                                              │
╰──────────────────────────────────────────────────────────────────────────────────────────────────────────────────────╯

[0;0H╭──────────────────────────────────────────────────────────────────────────────────────────────────────────────────────╮
│  🐡 PufferLib 2.0.0                          CPU: 5369.5%       GPU: 21.4%        DRAM: 8.4%            VRAM: 97.3%  │
│                                                                                                                      │
│  Summary                        Value    Evaluate              12m 40s    95%    Losses                       Value  │
│  Environment               beam_rider      Forward              9m 52s    74%    policy_loss                 -0.001  │
│  Agent Steps                     2.2m      Env                     21s     2%    value_loss                   9.549  │
│  SPS                             2.7k      Misc                  2m 9s    16%    entropy                      1.525  │
│  Epoch                             70    Train                     37s     4%    old_approx_kl                0.024  │
│  Uptime                       13m 19s      Forward                  8s     1%    approx_kl                    0.025  │
│  Remaining                    42m 57s      Learn                   22s     2%    clipfrac                     0.035  │
│                                            Misc                     6s     0%    explained_variance           0.838  │
│                                                                                                                      │
│  User Stats                                        Value    User Stats                                        Value  │
│  episode_return                                 1005.176    episode_length                                 1384.588  │
│                                                                                                                      │
│  Message: Checkpoint saved at update 69                                                                              │
╰──────────────────────────────────────────────────────────────────────────────────────────────────────────────────────╯

[0;0H╭──────────────────────────────────────────────────────────────────────────────────────────────────────────────────────╮
│  🐡 PufferLib 2.0.0                          CPU: 5382.5%       GPU: 20.6%        DRAM: 8.4%            VRAM: 97.3%  │
│                                                                                                                      │
│  Summary                        Value    Evaluate              12m 51s    95%    Losses                       Value  │
│  Environment               beam_rider      Forward              10m 0s    74%    policy_loss                  0.001  │
│  Agent Steps                     2.2m      Env                     21s     2%    value_loss                   9.158  │
│  SPS                             2.8k      Misc                 2m 11s    16%    entropy                      1.560  │
│  Epoch                             71    Train                     37s     4%    old_approx_kl                0.024  │
│  Uptime                       13m 30s      Forward                  8s     1%    approx_kl                    0.024  │
│  Remaining                    42m 35s      Learn                   22s     2%    clipfrac                     0.027  │
│                                            Misc                     7s     0%    explained_variance           0.851  │
│                                                                                                                      │
│  User Stats                                        Value    User Stats                                        Value  │
│  episode_return                                  971.304    episode_length                                 1326.261  │
│                                                                                                                      │
│  Message: Checkpoint saved at update 69                                                                              │
╰──────────────────────────────────────────────────────────────────────────────────────────────────────────────────────╯

[0;0H╭──────────────────────────────────────────────────────────────────────────────────────────────────────────────────────╮
│  🐡 PufferLib 2.0.0                          CPU: 5382.0%       GPU: 18.4%        DRAM: 8.4%            VRAM: 97.3%  │
│                                                                                                                      │
│  Summary                        Value    Evaluate               13m 2s    95%    Losses                       Value  │
│  Environment               beam_rider      Forward              10m 9s    74%    policy_loss                 -0.001  │
│  Agent Steps                     2.2m      Env                     21s     2%    value_loss                   9.814  │
│  SPS                             2.8k      Misc                 2m 13s    16%    entropy                      1.482  │
│  Epoch                             72    Train                     38s     4%    old_approx_kl                0.021  │
│  Uptime                       13m 41s      Forward                  8s     1%    approx_kl                    0.020  │
│  Remaining                    42m 24s      Learn                   22s     2%    clipfrac                     0.024  │
│                                            Misc                     7s     0%    explained_variance           0.854  │
│                                                                                                                      │
│  User Stats                                        Value    User Stats                                        Value  │
│  episode_return                                  965.280    episode_length                                 1374.640  │
│                                                                                                                      │
│  Message: Checkpoint saved at update 69                                                                              │
╰──────────────────────────────────────────────────────────────────────────────────────────────────────────────────────╯

[0;0H╭──────────────────────────────────────────────────────────────────────────────────────────────────────────────────────╮
│  🐡 PufferLib 2.0.0                          CPU: 5361.0%       GPU: 16.6%        DRAM: 8.4%            VRAM: 97.3%  │
│                                                                                                                      │
│  Summary                        Value    Evaluate              13m 12s    95%    Losses                       Value  │
│  Environment               beam_rider      Forward             10m 17s    74%    policy_loss                 -0.001  │
│  Agent Steps                     2.2m      Env                     22s     2%    value_loss                   8.908  │
│  SPS                             2.7k      Misc                 2m 15s    16%    entropy                      1.444  │
│  Epoch                             73    Train                     38s     4%    old_approx_kl                0.023  │
│  Uptime                       13m 52s      Forward                  8s     1%    approx_kl                    0.023  │
│  Remaining                    42m 54s      Learn                   23s     2%    clipfrac                     0.027  │
│                                            Misc                     7s     0%    explained_variance           0.877  │
│                                                                                                                      │
│  User Stats                                        Value    User Stats                                        Value  │
│  episode_return                                  981.333    episode_length                                 1336.667  │
│                                                                                                                      │
│  Message: Checkpoint saved at update 72                                                                              │
╰──────────────────────────────────────────────────────────────────────────────────────────────────────────────────────╯

[0;0H╭──────────────────────────────────────────────────────────────────────────────────────────────────────────────────────╮
│  🐡 PufferLib 2.0.0                          CPU: 5382.5%       GPU: 17.1%        DRAM: 8.4%            VRAM: 97.3%  │
│                                                                                                                      │
│  Summary                        Value    Evaluate              13m 23s    95%    Losses                       Value  │
│  Environment               beam_rider      Forward             10m 25s    74%    policy_loss                 -0.001  │
│  Agent Steps                     2.3m      Env                     22s     2%    value_loss                   9.270  │
│  SPS                             2.8k      Misc                 2m 17s    16%    entropy                      1.520  │
│  Epoch                             74    Train                     39s     4%    old_approx_kl                0.020  │
│  Uptime                        14m 4s      Forward                  8s     1%    approx_kl                    0.018  │
│  Remaining                    41m 59s      Learn                   23s     2%    clipfrac                     0.022  │
│                                            Misc                     7s     0%    explained_variance           0.856  │
│                                                                                                                      │
│  User Stats                                        Value    User Stats                                        Value  │
│  episode_return                                  996.000    episode_length                                 1349.222  │
│                                                                                                                      │
│  Message: Checkpoint saved at update 72                                                                              │
╰──────────────────────────────────────────────────────────────────────────────────────────────────────────────────────╯

[0;0H╭──────────────────────────────────────────────────────────────────────────────────────────────────────────────────────╮
│  🐡 PufferLib 2.0.0                          CPU: 5382.5%       GPU: 20.7%        DRAM: 8.4%            VRAM: 97.3%  │
│                                                                                                                      │
│  Summary                        Value    Evaluate              13m 34s    95%    Losses                       Value  │
│  Environment               beam_rider      Forward             10m 33s    74%    policy_loss                 -0.002  │
│  Agent Steps                     2.3m      Env                     22s     2%    value_loss                   9.126  │
│  SPS                             2.8k      Misc                 2m 19s    16%    entropy                      1.493  │
│  Epoch                             75    Train                     39s     4%    old_approx_kl                0.026  │
│  Uptime                       14m 15s      Forward                  8s     1%    approx_kl                    0.025  │
│  Remaining                    41m 48s      Learn                   23s     2%    clipfrac                     0.035  │
│                                            Misc                     7s     0%    explained_variance           0.876  │
│                                                                                                                      │
│  User Stats                                        Value    User Stats                                        Value  │
│  episode_return                                  978.857    episode_length                                 1321.536  │
│                                                                                                                      │
│  Message: Checkpoint saved at update 72                                                                              │
╰──────────────────────────────────────────────────────────────────────────────────────────────────────────────────────╯

[0;0H╭──────────────────────────────────────────────────────────────────────────────────────────────────────────────────────╮
│  🐡 PufferLib 2.0.0                          CPU: 5367.5%       GPU: 20.1%        DRAM: 8.4%            VRAM: 97.3%  │
│                                                                                                                      │
│  Summary                        Value    Evaluate              13m 44s    95%    Losses                       Value  │
│  Environment               beam_rider      Forward             10m 42s    74%    policy_loss                 -0.000  │
│  Agent Steps                     2.3m      Env                     23s     2%    value_loss                   8.734  │
│  SPS                             2.7k      Misc                 2m 21s    16%    entropy                      1.493  │
│  Epoch                             76    Train                     40s     4%    old_approx_kl                0.027  │
│  Uptime                       14m 26s      Forward                  8s     1%    approx_kl                    0.024  │
│  Remaining                    41m 52s      Learn                   24s     2%    clipfrac                     0.036  │
│                                            Misc                     7s     0%    explained_variance           0.889  │
│                                                                                                                      │
│  User Stats                                        Value    User Stats                                        Value  │
│  episode_return                                  993.333    episode_length                                 1359.944  │
│                                                                                                                      │
│  Message: Checkpoint saved at update 75                                                                              │
╰──────────────────────────────────────────────────────────────────────────────────────────────────────────────────────╯

[0;0H╭──────────────────────────────────────────────────────────────────────────────────────────────────────────────────────╮
│  🐡 PufferLib 2.0.0                          CPU: 5382.0%       GPU: 18.0%        DRAM: 8.4%            VRAM: 97.3%  │
│                                                                                                                      │
│  Summary                        Value    Evaluate              13m 55s    95%    Losses                       Value  │
│  Environment               beam_rider      Forward             10m 50s    74%    policy_loss                 -0.000  │
│  Agent Steps                     2.4m      Env                     23s     2%    value_loss                   9.004  │
│  SPS                             2.8k      Misc                 2m 22s    16%    entropy                      1.524  │
│  Epoch                             77    Train                     40s     4%    old_approx_kl                0.020  │
│  Uptime                       14m 37s      Forward                  8s     1%    approx_kl                    0.020  │
│  Remaining                    41m 24s      Learn                   24s     2%    clipfrac                     0.026  │
│                                            Misc                     7s     0%    explained_variance           0.869  │
│                                                                                                                      │
│  User Stats                                        Value    User Stats                                        Value  │
│  episode_return                                 1048.952    episode_length                                 1474.810  │
│                                                                                                                      │
│  Message: Checkpoint saved at update 75                                                                              │
╰──────────────────────────────────────────────────────────────────────────────────────────────────────────────────────╯

[0;0H╭──────────────────────────────────────────────────────────────────────────────────────────────────────────────────────╮
│  🐡 PufferLib 2.0.0                          CPU: 5382.5%       GPU: 17.1%        DRAM: 8.4%            VRAM: 97.3%  │
│                                                                                                                      │
│  Summary                        Value    Evaluate               14m 6s    95%    Losses                       Value  │
│  Environment               beam_rider      Forward             10m 58s    74%    policy_loss                  0.001  │
│  Agent Steps                     2.4m      Env                     23s     2%    value_loss                   8.826  │
│  SPS                             2.8k      Misc                 2m 24s    16%    entropy                      1.451  │
│  Epoch                             78    Train                     41s     4%    old_approx_kl                0.024  │
│  Uptime                       14m 48s      Forward                  9s     1%    approx_kl                    0.025  │
│  Remaining                    41m 17s      Learn                   24s     2%    clipfrac                     0.034  │
│                                            Misc                     7s     0%    explained_variance           0.890  │
│                                                                                                                      │
│  User Stats                                        Value    User Stats                                        Value  │
│  episode_return                                 1051.333    episode_length                                 1371.458  │
│                                                                                                                      │
│  Message: Checkpoint saved at update 75                                                                              │
╰──────────────────────────────────────────────────────────────────────────────────────────────────────────────────────╯

[0;0H╭──────────────────────────────────────────────────────────────────────────────────────────────────────────────────────╮
│  🐡 PufferLib 2.0.0                          CPU: 5367.0%       GPU: 16.9%        DRAM: 8.4%            VRAM: 97.3%  │
│                                                                                                                      │
│  Summary                        Value    Evaluate              14m 16s    95%    Losses                       Value  │
│  Environment               beam_rider      Forward              11m 6s    74%    policy_loss                 -0.002  │
│  Agent Steps                     2.4m      Env                     23s     2%    value_loss                   7.932  │
│  SPS                             2.7k      Misc                 2m 26s    16%    entropy                      1.462  │
│  Epoch                             79    Train                     41s     4%    old_approx_kl                0.022  │
│  Uptime                        15m 0s      Forward                  9s     1%    approx_kl                    0.021  │
│  Remaining                     42m 0s      Learn                   25s     2%    clipfrac                     0.028  │
│                                            Misc                     7s     0%    explained_variance           0.905  │
│                                                                                                                      │
│  User Stats                                        Value    User Stats                                        Value  │
│  episode_return                                  990.000    episode_length                                 1354.375  │
│                                                                                                                      │
│  Message: Checkpoint saved at update 78                                                                              │
╰──────────────────────────────────────────────────────────────────────────────────────────────────────────────────────╯

[0;0H╭──────────────────────────────────────────────────────────────────────────────────────────────────────────────────────╮
│  🐡 PufferLib 2.0.0                          CPU: 5368.5%       GPU: 21.0%        DRAM: 8.4%            VRAM: 97.3%  │
│                                                                                                                      │
│  Summary                        Value    Evaluate              14m 27s    95%    Losses                       Value  │
│  Environment               beam_rider      Forward             11m 15s    74%    policy_loss                 -0.002  │
│  Agent Steps                     2.5m      Env                     24s     2%    value_loss                   8.543  │
│  SPS                             2.7k      Misc                 2m 28s    16%    entropy                      1.489  │
│  Epoch                             80    Train                     42s     4%    old_approx_kl                0.026  │
│  Uptime                       15m 11s      Forward                  9s     1%    approx_kl                    0.024  │
│  Remaining                     41m 3s      Learn                   25s     2%    clipfrac                     0.036  │
│                                            Misc                     7s     0%    explained_variance           0.896  │
│                                                                                                                      │
│  User Stats                                        Value    User Stats                                        Value  │
│  episode_return                                  985.739    episode_length                                 1352.478  │
│                                                                                                                      │
│  Message: Checkpoint saved at update 78                                                                              │
╰──────────────────────────────────────────────────────────────────────────────────────────────────────────────────────╯

[0;0H╭──────────────────────────────────────────────────────────────────────────────────────────────────────────────────────╮
│  🐡 PufferLib 2.0.0                          CPU: 5376.5%       GPU: 21.2%        DRAM: 8.4%            VRAM: 97.3%  │
│                                                                                                                      │
│  Summary                        Value    Evaluate              14m 38s    95%    Losses                       Value  │
│  Environment               beam_rider      Forward             11m 23s    74%    policy_loss                  0.000  │
│  Agent Steps                     2.5m      Env                     24s     2%    value_loss                   8.175  │
│  SPS                             2.8k      Misc                 2m 30s    16%    entropy                      1.428  │
│  Epoch                             81    Train                     42s     4%    old_approx_kl                0.029  │
│  Uptime                       15m 22s      Forward                  9s     1%    approx_kl                    0.030  │
│  Remaining                    40m 39s      Learn                   25s     2%    clipfrac                     0.040  │
│                                            Misc                     7s     0%    explained_variance           0.912  │
│                                                                                                                      │
│  User Stats                                        Value    User Stats                                        Value  │
│  episode_return                                  982.286    episode_length                                 1321.714  │
│                                                                                                                      │
│  Message: Checkpoint saved at update 78                                                                              │
╰──────────────────────────────────────────────────────────────────────────────────────────────────────────────────────╯

[0;0H╭──────────────────────────────────────────────────────────────────────────────────────────────────────────────────────╮
│  🐡 PufferLib 2.0.0                          CPU: 5368.5%       GPU: 19.0%        DRAM: 8.4%            VRAM: 97.3%  │
│                                                                                                                      │
│  Summary                        Value    Evaluate              14m 49s    95%    Losses                       Value  │
│  Environment               beam_rider      Forward             11m 31s    74%    policy_loss                  0.000  │
│  Agent Steps                     2.5m      Env                     24s     2%    value_loss                  10.008  │
│  SPS                             2.7k      Misc                 2m 32s    16%    entropy                      1.461  │
│  Epoch                             82    Train                     43s     4%    old_approx_kl                0.027  │
│  Uptime                       15m 34s      Forward                  9s     1%    approx_kl                    0.025  │
│  Remaining                    41m 51s      Learn                   26s     2%    clipfrac                     0.031  │
│                                            Misc                     8s     0%    explained_variance           0.894  │
│                                                                                                                      │
│  User Stats                                        Value    User Stats                                        Value  │
│  episode_return                                 1000.222    episode_length                                 1338.167  │
│                                                                                                                      │
│  Message: Checkpoint saved at update 81                                                                              │
╰──────────────────────────────────────────────────────────────────────────────────────────────────────────────────────╯

[0;0H╭──────────────────────────────────────────────────────────────────────────────────────────────────────────────────────╮
│  🐡 PufferLib 2.0.0                          CPU: 5377.0%       GPU: 16.2%        DRAM: 8.4%            VRAM: 97.3%  │
│                                                                                                                      │
│  Summary                        Value    Evaluate               15m 0s    95%    Losses                       Value  │
│  Environment               beam_rider      Forward             11m 41s    74%    policy_loss                  0.001  │
│  Agent Steps                     2.5m      Env                     25s     2%    value_loss                  10.303  │
│  SPS                             2.5k      Misc                 2m 34s    16%    entropy                      1.455  │
│  Epoch                             83    Train                     44s     4%    old_approx_kl                0.024  │
│  Uptime                       15m 46s      Forward                  9s     1%    approx_kl                    0.023  │
│  Remaining                    44m 10s      Learn                   26s     2%    clipfrac                     0.032  │
│                                            Misc                     8s     0%    explained_variance           0.899  │
│                                                                                                                      │
│  User Stats                                        Value    User Stats                                        Value  │
│  episode_return                                 1002.727    episode_length                                 1277.000  │
│                                                                                                                      │
│  Message: Checkpoint saved at update 81                                                                              │
╰──────────────────────────────────────────────────────────────────────────────────────────────────────────────────────╯

[0;0H╭──────────────────────────────────────────────────────────────────────────────────────────────────────────────────────╮
│  🐡 PufferLib 2.0.0                          CPU: 5369.5%       GPU: 20.1%        DRAM: 8.4%            VRAM: 97.3%  │
│                                                                                                                      │
│  Summary                        Value    Evaluate              15m 12s    95%    Losses                       Value  │
│  Environment               beam_rider      Forward             11m 50s    74%    policy_loss                 -0.000  │
│  Agent Steps                     2.6m      Env                     25s     2%    value_loss                  10.509  │
│  SPS                             2.5k      Misc                 2m 36s    16%    entropy                      1.389  │
│  Epoch                             84    Train                     44s     4%    old_approx_kl                0.023  │
│  Uptime                       15m 58s      Forward                  9s     1%    approx_kl                    0.023  │
│  Remaining                    44m 15s      Learn                   26s     2%    clipfrac                     0.031  │
│                                            Misc                     8s     0%    explained_variance           0.909  │
│                                                                                                                      │
│  User Stats                                        Value    User Stats                                        Value  │
│  episode_return                                 1016.000    episode_length                                 1356.333  │
│                                                                                                                      │
│  Message: Checkpoint saved at update 81                                                                              │
╰──────────────────────────────────────────────────────────────────────────────────────────────────────────────────────╯

[0;0H╭──────────────────────────────────────────────────────────────────────────────────────────────────────────────────────╮
│  🐡 PufferLib 2.0.0                          CPU: 5359.5%       GPU: 17.6%        DRAM: 8.4%            VRAM: 97.3%  │
│                                                                                                                      │
│  Summary                        Value    Evaluate              15m 24s    95%    Losses                       Value  │
│  Environment               beam_rider      Forward             11m 59s    74%    policy_loss                 -0.000  │
│  Agent Steps                     2.6m      Env                     25s     2%    value_loss                   9.297  │
│  SPS                             2.5k      Misc                 2m 38s    16%    entropy                      1.507  │
│  Epoch                             85    Train                     45s     4%    old_approx_kl                0.023  │
│  Uptime                       16m 10s      Forward                  9s     1%    approx_kl                    0.020  │
│  Remaining                    44m 30s      Learn                   27s     2%    clipfrac                     0.027  │
│                                            Misc                     8s     0%    explained_variance           0.908  │
│                                                                                                                      │
│  User Stats                                        Value    User Stats                                        Value  │
│  episode_return                                 1133.455    episode_length                                 1423.955  │
│                                                                                                                      │
│  Message: Checkpoint saved at update 84                                                                              │
╰──────────────────────────────────────────────────────────────────────────────────────────────────────────────────────╯

[0;0H╭──────────────────────────────────────────────────────────────────────────────────────────────────────────────────────╮
│  🐡 PufferLib 2.0.0                          CPU: 5372.5%       GPU: 16.2%        DRAM: 8.4%            VRAM: 97.3%  │
│                                                                                                                      │
│  Summary                        Value    Evaluate              15m 36s    95%    Losses                       Value  │
│  Environment               beam_rider      Forward              12m 8s    74%    policy_loss                 -0.002  │
│  Agent Steps                     2.6m      Env                     26s     2%    value_loss                  10.108  │
│  SPS                             2.4k      Misc                 2m 40s    16%    entropy                      1.434  │
│  Epoch                             86    Train                     45s     4%    old_approx_kl                0.023  │
│  Uptime                       16m 23s      Forward                 10s     1%    approx_kl                    0.021  │
│  Remaining                     45m 3s      Learn                   27s     2%    clipfrac                     0.025  │
│                                            Misc                     8s     0%    explained_variance           0.898  │
│                                                                                                                      │
│  User Stats                                        Value    User Stats                                        Value  │
│  episode_return                                 1057.905    episode_length                                 1357.238  │
│                                                                                                                      │
│  Message: Checkpoint saved at update 84                                                                              │
╰──────────────────────────────────────────────────────────────────────────────────────────────────────────────────────╯

[0;0H╭──────────────────────────────────────────────────────────────────────────────────────────────────────────────────────╮
│  🐡 PufferLib 2.0.0                          CPU: 5372.0%       GPU: 16.1%        DRAM: 8.4%            VRAM: 97.3%  │
│                                                                                                                      │
│  Summary                        Value    Evaluate              15m 48s    95%    Losses                       Value  │
│  Environment               beam_rider      Forward             12m 18s    74%    policy_loss                  0.000  │
│  Agent Steps                     2.7m      Env                     26s     2%    value_loss                   9.442  │
│  SPS                             2.4k      Misc                 2m 42s    16%    entropy                      1.373  │
│  Epoch                             87    Train                     46s     4%    old_approx_kl                0.022  │
│  Uptime                       16m 36s      Forward                 10s     1%    approx_kl                    0.023  │
│  Remaining                    44m 42s      Learn                   27s     2%    clipfrac                     0.029  │
│                                            Misc                     8s     0%    explained_variance           0.921  │
│                                                                                                                      │
│  User Stats                                        Value    User Stats                                        Value  │
│  episode_return                                 1021.733    episode_length                                 1360.400  │
│                                                                                                                      │
│  Message: Checkpoint saved at update 84                                                                              │
╰──────────────────────────────────────────────────────────────────────────────────────────────────────────────────────╯

[0;0H╭──────────────────────────────────────────────────────────────────────────────────────────────────────────────────────╮
│  🐡 PufferLib 2.0.0                          CPU: 5360.5%       GPU: 19.2%        DRAM: 8.4%            VRAM: 97.3%  │
│                                                                                                                      │
│  Summary                        Value    Evaluate              15m 59s    95%    Losses                       Value  │
│  Environment               beam_rider      Forward             12m 26s    74%    policy_loss                  0.001  │
│  Agent Steps                     2.7m      Env                     26s     2%    value_loss                  11.046  │
│  SPS                             2.7k      Misc                 2m 43s    16%    entropy                      1.390  │
│  Epoch                             88    Train                     46s     4%    old_approx_kl                0.024  │
│  Uptime                       16m 47s      Forward                 10s     1%    approx_kl                    0.023  │
│  Remaining                    39m 56s      Learn                   28s     2%    clipfrac                     0.032  │
│                                            Misc                     8s     0%    explained_variance           0.897  │
│                                                                                                                      │
│  User Stats                                        Value    User Stats                                        Value  │
│  episode_return                                 1067.333    episode_length                                 1354.333  │
│                                                                                                                      │
│  Message: Checkpoint saved at update 87                                                                              │
╰──────────────────────────────────────────────────────────────────────────────────────────────────────────────────────╯

[0;0H╭──────────────────────────────────────────────────────────────────────────────────────────────────────────────────────╮
│  🐡 PufferLib 2.0.0                          CPU: 5371.0%       GPU: 21.5%        DRAM: 8.4%            VRAM: 97.3%  │
│                                                                                                                      │
│  Summary                        Value    Evaluate               16m 9s    95%    Losses                       Value  │
│  Environment               beam_rider      Forward             12m 35s    74%    policy_loss                 -0.001  │
│  Agent Steps                     2.7m      Env                     27s     2%    value_loss                   9.941  │
│  SPS                             2.8k      Misc                 2m 45s    16%    entropy                      1.435  │
│  Epoch                             89    Train                     47s     4%    old_approx_kl                0.026  │
│  Uptime                       16m 58s      Forward                 10s     1%    approx_kl                    0.026  │
│  Remaining                     39m 2s      Learn                   28s     2%    clipfrac                     0.041  │
│                                            Misc                     8s     0%    explained_variance           0.905  │
│                                                                                                                      │
│  User Stats                                        Value    User Stats                                        Value  │
│  episode_return                                 1014.667    episode_length                                 1318.667  │
│                                                                                                                      │
│  Message: Checkpoint saved at update 87                                                                              │
╰──────────────────────────────────────────────────────────────────────────────────────────────────────────────────────╯

[0;0H╭──────────────────────────────────────────────────────────────────────────────────────────────────────────────────────╮
│  🐡 PufferLib 2.0.0                          CPU: 5382.0%       GPU: 19.4%        DRAM: 8.4%            VRAM: 97.3%  │
│                                                                                                                      │
│  Summary                        Value    Evaluate              16m 20s    95%    Losses                       Value  │
│  Environment               beam_rider      Forward             12m 43s    74%    policy_loss                  0.001  │
│  Agent Steps                     2.8m      Env                     27s     2%    value_loss                   9.433  │
│  SPS                             2.7k      Misc                 2m 47s    16%    entropy                      1.398  │
│  Epoch                             90    Train                     47s     4%    old_approx_kl                0.026  │
│  Uptime                       17m 10s      Forward                 10s     1%    approx_kl                    0.025  │
│  Remaining                    40m 18s      Learn                   28s     2%    clipfrac                     0.036  │
│                                            Misc                     8s     0%    explained_variance           0.914  │
│                                                                                                                      │
│  User Stats                                        Value    User Stats                                        Value  │
│  episode_return                                 1141.565    episode_length                                 1491.783  │
│                                                                                                                      │
│  Message: Checkpoint saved at update 87                                                                              │
╰──────────────────────────────────────────────────────────────────────────────────────────────────────────────────────╯

[0;0H╭──────────────────────────────────────────────────────────────────────────────────────────────────────────────────────╮
│  🐡 PufferLib 2.0.0                          CPU: 5364.0%       GPU: 16.1%        DRAM: 8.4%            VRAM: 97.3%  │
│                                                                                                                      │
│  Summary                        Value    Evaluate              16m 32s    95%    Losses                       Value  │
│  Environment               beam_rider      Forward             12m 52s    74%    policy_loss                 -0.000  │
│  Agent Steps                     2.8m      Env                     27s     2%    value_loss                  10.386  │
│  SPS                             2.5k      Misc                 2m 49s    16%    entropy                      1.355  │
│  Epoch                             91    Train                     48s     4%    old_approx_kl                0.030  │
│  Uptime                       17m 22s      Forward                 10s     1%    approx_kl                    0.029  │
│  Remaining                    42m 19s      Learn                   28s     2%    clipfrac                     0.042  │
│                                            Misc                     9s     0%    explained_variance           0.911  │
│                                                                                                                      │
│  User Stats                                        Value    User Stats                                        Value  │
│  episode_return                                 1066.857    episode_length                                 1408.952  │
│                                                                                                                      │
│  Message: Checkpoint saved at update 90                                                                              │
╰──────────────────────────────────────────────────────────────────────────────────────────────────────────────────────╯

[0;0H╭──────────────────────────────────────────────────────────────────────────────────────────────────────────────────────╮
│  🐡 PufferLib 2.0.0                          CPU: 5369.5%       GPU: 16.3%        DRAM: 8.4%            VRAM: 97.3%  │
│                                                                                                                      │
│  Summary                        Value    Evaluate              16m 44s    95%    Losses                       Value  │
│  Environment               beam_rider      Forward              13m 2s    74%    policy_loss                 -0.001  │
│  Agent Steps                     2.8m      Env                     28s     2%    value_loss                   9.753  │
│  SPS                             2.4k      Misc                 2m 51s    16%    entropy                      1.383  │
│  Epoch                             92    Train                     49s     4%    old_approx_kl                0.026  │
│  Uptime                       17m 34s      Forward                 10s     1%    approx_kl                    0.027  │
│  Remaining                    43m 56s      Learn                   29s     2%    clipfrac                     0.035  │
│                                            Misc                     9s     0%    explained_variance           0.914  │
│                                                                                                                      │
│  User Stats                                        Value    User Stats                                        Value  │
│  episode_return                                 1051.579    episode_length                                 1396.053  │
│                                                                                                                      │
│  Message: Checkpoint saved at update 90                                                                              │
╰──────────────────────────────────────────────────────────────────────────────────────────────────────────────────────╯

[0;0H╭──────────────────────────────────────────────────────────────────────────────────────────────────────────────────────╮
│  🐡 PufferLib 2.0.0                          CPU: 5370.5%       GPU: 16.6%        DRAM: 8.4%            VRAM: 97.3%  │
│                                                                                                                      │
│  Summary                        Value    Evaluate              16m 56s    95%    Losses                       Value  │
│  Environment               beam_rider      Forward             13m 11s    74%    policy_loss                  0.003  │
│  Agent Steps                     2.9m      Env                     28s     2%    value_loss                  10.656  │
│  SPS                             2.4k      Misc                 2m 53s    16%    entropy                      1.274  │
│  Epoch                             93    Train                     49s     4%    old_approx_kl                0.022  │
│  Uptime                       17m 47s      Forward                 10s     1%    approx_kl                    0.023  │
│  Remaining                     44m 0s      Learn                   29s     2%    clipfrac                     0.028  │
│                                            Misc                     9s     0%    explained_variance           0.912  │
│                                                                                                                      │
│  User Stats                                        Value    User Stats                                        Value  │
│  episode_return                                 1101.538    episode_length                                 1430.308  │
│                                                                                                                      │
│  Message: Checkpoint saved at update 90                                                                              │
╰──────────────────────────────────────────────────────────────────────────────────────────────────────────────────────╯

[0;0H╭──────────────────────────────────────────────────────────────────────────────────────────────────────────────────────╮
│  🐡 PufferLib 2.0.0                          CPU: 5335.5%       GPU: 18.1%        DRAM: 8.4%            VRAM: 97.3%  │
│                                                                                                                      │
│  Summary                        Value    Evaluate               17m 8s    95%    Losses                       Value  │
│  Environment               beam_rider      Forward             13m 21s    74%    policy_loss                 -0.001  │
│  Agent Steps                     2.9m      Env                     28s     2%    value_loss                   8.830  │
│  SPS                             2.4k      Misc                 2m 55s    16%    entropy                      1.330  │
│  Epoch                             94    Train                     50s     4%    old_approx_kl                0.023  │
│  Uptime                        18m 0s      Forward                 11s     1%    approx_kl                    0.024  │
│  Remaining                    43m 59s      Learn                   29s     2%    clipfrac                     0.035  │
│                                            Misc                     9s     0%    explained_variance           0.921  │
│                                                                                                                      │
│  User Stats                                        Value    User Stats                                        Value  │
│  episode_return                                 1081.333    episode_length                                 1408.762  │
│                                                                                                                      │
│  Message: Checkpoint saved at update 93                                                                              │
╰──────────────────────────────────────────────────────────────────────────────────────────────────────────────────────╯

[0;0H╭──────────────────────────────────────────────────────────────────────────────────────────────────────────────────────╮
│  🐡 PufferLib 2.0.0                          CPU: 5368.5%       GPU: 16.9%        DRAM: 8.4%            VRAM: 97.3%  │
│                                                                                                                      │
│  Summary                        Value    Evaluate              17m 21s    95%    Losses                       Value  │
│  Environment               beam_rider      Forward             13m 30s    74%    policy_loss                 -0.002  │
│  Agent Steps                     2.9m      Env                     29s     2%    value_loss                   8.348  │
│  SPS                             2.4k      Misc                 2m 57s    16%    entropy                      1.311  │
│  Epoch                             95    Train                     50s     4%    old_approx_kl                0.026  │
│  Uptime                       18m 13s      Forward                 11s     1%    approx_kl                    0.027  │
│  Remaining                     43m 4s      Learn                   30s     2%    clipfrac                     0.037  │
│                                            Misc                     9s     0%    explained_variance           0.933  │
│                                                                                                                      │
│  User Stats                                        Value    User Stats                                        Value  │
│  episode_return                                  962.143    episode_length                                 1322.500  │
│                                                                                                                      │
│  Message: Checkpoint saved at update 93                                                                              │
╰──────────────────────────────────────────────────────────────────────────────────────────────────────────────────────╯

[0;0H╭──────────────────────────────────────────────────────────────────────────────────────────────────────────────────────╮
│  🐡 PufferLib 2.0.0                          CPU: 5369.0%       GPU: 17.1%        DRAM: 8.4%            VRAM: 97.3%  │
│                                                                                                                      │
│  Summary                        Value    Evaluate              17m 32s    95%    Losses                       Value  │
│  Environment               beam_rider      Forward             13m 40s    74%    policy_loss                 -0.001  │
│  Agent Steps                     2.9m      Env                     29s     2%    value_loss                  12.249  │
│  SPS                             2.5k      Misc                 2m 59s    16%    entropy                      1.239  │
│  Epoch                             96    Train                     51s     4%    old_approx_kl                0.028  │
│  Uptime                       18m 25s      Forward                 11s     1%    approx_kl                    0.025  │
│  Remaining                    42m 27s      Learn                   30s     2%    clipfrac                     0.037  │
│                                            Misc                     9s     0%    explained_variance           0.901  │
│                                                                                                                      │
│  User Stats                                        Value    User Stats                                        Value  │
│  episode_return                                 1140.444    episode_length                                 1422.944  │
│                                                                                                                      │
│  Message: Checkpoint saved at update 93                                                                              │
╰──────────────────────────────────────────────────────────────────────────────────────────────────────────────────────╯

[0;0H╭──────────────────────────────────────────────────────────────────────────────────────────────────────────────────────╮
│  🐡 PufferLib 2.0.0                          CPU: 5354.0%       GPU: 17.0%        DRAM: 8.4%            VRAM: 97.3%  │
│                                                                                                                      │
│  Summary                        Value    Evaluate              17m 44s    95%    Losses                       Value  │
│  Environment               beam_rider      Forward             13m 49s    74%    policy_loss                 -0.001  │
│  Agent Steps                     3.0m      Env                     29s     2%    value_loss                   8.972  │
│  SPS                             2.4k      Misc                  3m 1s    16%    entropy                      1.287  │
│  Epoch                             97    Train                     51s     4%    old_approx_kl                0.030  │
│  Uptime                       18m 38s      Forward                 11s     1%    approx_kl                    0.031  │
│  Remaining                    42m 38s      Learn                   30s     2%    clipfrac                     0.043  │
│                                            Misc                     9s     0%    explained_variance           0.931  │
│                                                                                                                      │
│  User Stats                                        Value    User Stats                                        Value  │
│  episode_return                                 1004.727    episode_length                                 1342.591  │
│                                                                                                                      │
│  Message: Checkpoint saved at update 96                                                                              │
╰──────────────────────────────────────────────────────────────────────────────────────────────────────────────────────╯

[0;0H╭──────────────────────────────────────────────────────────────────────────────────────────────────────────────────────╮
│  🐡 PufferLib 2.0.0                          CPU: 5369.0%       GPU: 17.1%        DRAM: 8.4%            VRAM: 97.3%  │
│                                                                                                                      │
│  Summary                        Value    Evaluate              17m 56s    95%    Losses                       Value  │
│  Environment               beam_rider      Forward             13m 58s    74%    policy_loss                  0.002  │
│  Agent Steps                     3.0m      Env                     30s     2%    value_loss                   9.471  │
│  SPS                             2.5k      Misc                  3m 3s    16%    entropy                      1.203  │
│  Epoch                             98    Train                     52s     4%    old_approx_kl                0.031  │
│  Uptime                       18m 50s      Forward                 11s     1%    approx_kl                    0.032  │
│  Remaining                    41m 49s      Learn                   31s     2%    clipfrac                     0.045  │
│                                            Misc                     9s     0%    explained_variance           0.932  │
│                                                                                                                      │
│  User Stats                                        Value    User Stats                                        Value  │
│  episode_return                                 1106.609    episode_length                                 1458.174  │
│                                                                                                                      │
│  Message: Checkpoint saved at update 96                                                                              │
╰──────────────────────────────────────────────────────────────────────────────────────────────────────────────────────╯

[0;0H╭──────────────────────────────────────────────────────────────────────────────────────────────────────────────────────╮
│  🐡 PufferLib 2.0.0                          CPU: 5372.0%       GPU: 17.1%        DRAM: 8.4%            VRAM: 97.3%  │
│                                                                                                                      │
│  Summary                        Value    Evaluate               18m 8s    95%    Losses                       Value  │
│  Environment               beam_rider      Forward              14m 8s    74%    policy_loss                  0.000  │
│  Agent Steps                     3.0m      Env                     30s     2%    value_loss                   8.768  │
│  SPS                             2.5k      Misc                  3m 5s    16%    entropy                      1.255  │
│  Epoch                             99    Train                     53s     4%    old_approx_kl                0.027  │
│  Uptime                        19m 3s      Forward                 11s     1%    approx_kl                    0.029  │
│  Remaining                    41m 33s      Learn                   31s     2%    clipfrac                     0.038  │
│                                            Misc                     9s     0%    explained_variance           0.938  │
│                                                                                                                      │
│  User Stats                                        Value    User Stats                                        Value  │
│  episode_return                                 1066.800    episode_length                                 1357.450  │
│                                                                                                                      │
│  Message: Checkpoint saved at update 96                                                                              │
╰──────────────────────────────────────────────────────────────────────────────────────────────────────────────────────╯

[0;0H╭──────────────────────────────────────────────────────────────────────────────────────────────────────────────────────╮
│  🐡 PufferLib 2.0.0                          CPU: 5354.0%       GPU: 15.8%        DRAM: 8.4%            VRAM: 97.3%  │
│                                                                                                                      │
│  Summary                        Value    Evaluate              18m 20s    95%    Losses                       Value  │
│  Environment               beam_rider      Forward             14m 17s    74%    policy_loss                 -0.002  │
│  Agent Steps                     3.1m      Env                     30s     2%    value_loss                   9.400  │
│  SPS                             2.4k      Misc                  3m 7s    16%    entropy                      1.250  │
│  Epoch                            100    Train                     53s     4%    old_approx_kl                0.034  │
│  Uptime                       19m 15s      Forward                 11s     1%    approx_kl                    0.033  │
│  Remaining                    42m 56s      Learn                   31s     2%    clipfrac                     0.049  │
│                                            Misc                    10s     0%    explained_variance           0.930  │
│                                                                                                                      │
│  User Stats                                        Value    User Stats                                        Value  │
│  episode_return                                 1114.000    episode_length                                 1388.450  │
│                                                                                                                      │
│  Message: Checkpoint saved at update 99                                                                              │
╰──────────────────────────────────────────────────────────────────────────────────────────────────────────────────────╯

[0;0H╭──────────────────────────────────────────────────────────────────────────────────────────────────────────────────────╮
│  🐡 PufferLib 2.0.0                          CPU: 5369.0%       GPU: 17.8%        DRAM: 8.4%            VRAM: 97.3%  │
│                                                                                                                      │
│  Summary                        Value    Evaluate              18m 33s    95%    Losses                       Value  │
│  Environment               beam_rider      Forward             14m 27s    74%    policy_loss                  0.004  │
│  Agent Steps                     3.1m      Env                     30s     2%    value_loss                   9.087  │
│  SPS                             2.4k      Misc                  3m 9s    16%    entropy                      1.176  │
│  Epoch                            101    Train                     54s     4%    old_approx_kl                0.038  │
│  Uptime                       19m 28s      Forward                 11s     1%    approx_kl                    0.038  │
│  Remaining                    42m 17s      Learn                   32s     2%    clipfrac                     0.053  │
│                                            Misc                    10s     0%    explained_variance           0.938  │
│                                                                                                                      │
│  User Stats                                        Value    User Stats                                        Value  │
│  episode_return                                 1194.857    episode_length                                 1541.476  │
│                                                                                                                      │
│  Message: Checkpoint saved at update 99                                                                              │
╰──────────────────────────────────────────────────────────────────────────────────────────────────────────────────────╯

[0;0H╭──────────────────────────────────────────────────────────────────────────────────────────────────────────────────────╮
│  🐡 PufferLib 2.0.0                          CPU: 5371.0%       GPU: 17.0%        DRAM: 8.4%            VRAM: 97.3%  │
│                                                                                                                      │
│  Summary                        Value    Evaluate              18m 45s    95%    Losses                       Value  │
│  Environment               beam_rider      Forward             14m 36s    74%    policy_loss                  0.001  │
│  Agent Steps                     3.1m      Env                     31s     2%    value_loss                   8.935  │
│  SPS                             2.5k      Misc                 3m 11s    16%    entropy                      1.217  │
│  Epoch                            102    Train                     54s     4%    old_approx_kl                0.034  │
│  Uptime                       19m 41s      Forward                 12s     1%    approx_kl                    0.034  │
│  Remaining                    41m 14s      Learn                   32s     2%    clipfrac                     0.052  │
│                                            Misc                    10s     0%    explained_variance           0.935  │
│                                                                                                                      │
│  User Stats                                        Value    User Stats                                        Value  │
│  episode_return                                 1146.261    episode_length                                 1473.043  │
│                                                                                                                      │
│  Message: Checkpoint saved at update 99                                                                              │
╰──────────────────────────────────────────────────────────────────────────────────────────────────────────────────────╯

[0;0H╭──────────────────────────────────────────────────────────────────────────────────────────────────────────────────────╮
│  🐡 PufferLib 2.0.0                          CPU: 5356.0%       GPU: 16.9%        DRAM: 8.4%            VRAM: 97.3%  │
│                                                                                                                      │
│  Summary                        Value    Evaluate              18m 57s    95%    Losses                       Value  │
│  Environment               beam_rider      Forward             14m 46s    74%    policy_loss                 -0.001  │
│  Agent Steps                     3.2m      Env                     31s     2%    value_loss                   8.935  │
│  SPS                             2.5k      Misc                 3m 13s    16%    entropy                      1.159  │
│  Epoch                            103    Train                     55s     4%    old_approx_kl                0.030  │
│  Uptime                       19m 53s      Forward                 12s     1%    approx_kl                    0.028  │
│  Remaining                     41m 8s      Learn                   32s     2%    clipfrac                     0.040  │
│                                            Misc                    10s     0%    explained_variance           0.939  │
│                                                                                                                      │
│  User Stats                                        Value    User Stats                                        Value  │
│  episode_return                                 1090.600    episode_length                                 1398.100  │
│                                                                                                                      │
│  Message: Checkpoint saved at update 102                                                                             │
╰──────────────────────────────────────────────────────────────────────────────────────────────────────────────────────╯

[0;0H╭──────────────────────────────────────────────────────────────────────────────────────────────────────────────────────╮
│  🐡 PufferLib 2.0.0                          CPU: 5371.5%       GPU: 17.2%        DRAM: 8.4%            VRAM: 97.3%  │
│                                                                                                                      │
│  Summary                        Value    Evaluate               19m 9s    95%    Losses                       Value  │
│  Environment               beam_rider      Forward             14m 55s    74%    policy_loss                  0.000  │
│  Agent Steps                     3.2m      Env                     31s     2%    value_loss                   8.514  │
│  SPS                             2.5k      Misc                 3m 15s    16%    entropy                      1.221  │
│  Epoch                            104    Train                     55s     4%    old_approx_kl                0.032  │
│  Uptime                        20m 6s      Forward                 12s     1%    approx_kl                    0.030  │
│  Remaining                    40m 41s      Learn                   33s     2%    clipfrac                     0.042  │
│                                            Misc                    10s     0%    explained_variance           0.946  │
│                                                                                                                      │
│  User Stats                                        Value    User Stats                                        Value  │
│  episode_return                                 1092.727    episode_length                                 1405.136  │
│                                                                                                                      │
│  Message: Checkpoint saved at update 102                                                                             │
╰──────────────────────────────────────────────────────────────────────────────────────────────────────────────────────╯

[0;0H╭──────────────────────────────────────────────────────────────────────────────────────────────────────────────────────╮
│  🐡 PufferLib 2.0.0                          CPU: 5371.5%       GPU: 15.2%        DRAM: 8.4%            VRAM: 97.3%  │
│                                                                                                                      │
│  Summary                        Value    Evaluate              19m 20s    95%    Losses                       Value  │
│  Environment               beam_rider      Forward              15m 4s    74%    policy_loss                  0.000  │
│  Agent Steps                     3.2m      Env                     32s     2%    value_loss                   8.464  │
│  SPS                             2.5k      Misc                 3m 17s    16%    entropy                      1.238  │
│  Epoch                            105    Train                     56s     4%    old_approx_kl                0.033  │
│  Uptime                       20m 18s      Forward                 12s     1%    approx_kl                    0.033  │
│  Remaining                    40m 33s      Learn                   33s     2%    clipfrac                     0.048  │
│                                            Misc                    10s     0%    explained_variance           0.943  │
│                                                                                                                      │
│  User Stats                                        Value    User Stats                                        Value  │
│  episode_return                                 1083.360    episode_length                                 1400.040  │
│                                                                                                                      │
│  Message: Checkpoint saved at update 102                                                                             │
╰──────────────────────────────────────────────────────────────────────────────────────────────────────────────────────╯

[0;0H╭──────────────────────────────────────────────────────────────────────────────────────────────────────────────────────╮
│  🐡 PufferLib 2.0.0                          CPU: 5357.0%       GPU: 17.0%        DRAM: 8.4%            VRAM: 97.3%  │
│                                                                                                                      │
│  Summary                        Value    Evaluate              19m 32s    95%    Losses                       Value  │
│  Environment               beam_rider      Forward             15m 14s    74%    policy_loss                 -0.000  │
│  Agent Steps                     3.3m      Env                     32s     2%    value_loss                   9.179  │
│  SPS                             2.4k      Misc                 3m 19s    16%    entropy                      1.243  │
│  Epoch                            106    Train                     57s     4%    old_approx_kl                0.031  │
│  Uptime                       20m 31s      Forward                 12s     1%    approx_kl                    0.034  │
│  Remaining                    40m 40s      Learn                   33s     2%    clipfrac                     0.050  │
│                                            Misc                    10s     0%    explained_variance           0.938  │
│                                                                                                                      │
│  User Stats                                        Value    User Stats                                        Value  │
│  episode_return                                 1084.615    episode_length                                 1382.154  │
│                                                                                                                      │
│  Message: Checkpoint saved at update 105                                                                             │
╰──────────────────────────────────────────────────────────────────────────────────────────────────────────────────────╯

[0;0H╭──────────────────────────────────────────────────────────────────────────────────────────────────────────────────────╮
│  🐡 PufferLib 2.0.0                          CPU: 5369.0%       GPU: 15.0%        DRAM: 8.4%            VRAM: 97.3%  │
│                                                                                                                      │
│  Summary                        Value    Evaluate              19m 44s    95%    Losses                       Value  │
│  Environment               beam_rider      Forward             15m 23s    74%    policy_loss                  0.001  │
│  Agent Steps                     3.3m      Env                     32s     2%    value_loss                  12.349  │
│  SPS                             2.5k      Misc                 3m 21s    16%    entropy                      1.294  │
│  Epoch                            107    Train                     57s     4%    old_approx_kl                0.029  │
│  Uptime                       20m 43s      Forward                 12s     1%    approx_kl                    0.027  │
│  Remaining                     40m 9s      Learn                   34s     2%    clipfrac                     0.040  │
│                                            Misc                    10s     0%    explained_variance           0.922  │
│                                                                                                                      │
│  User Stats                                        Value    User Stats                                        Value  │
│  episode_return                                 1204.640    episode_length                                 1523.160  │
│                                                                                                                      │
│  Message: Checkpoint saved at update 105                                                                             │
╰──────────────────────────────────────────────────────────────────────────────────────────────────────────────────────╯

[0;0H╭──────────────────────────────────────────────────────────────────────────────────────────────────────────────────────╮
│  🐡 PufferLib 2.0.0                          CPU: 5372.0%       GPU: 17.2%        DRAM: 8.4%            VRAM: 97.3%  │
│                                                                                                                      │
│  Summary                        Value    Evaluate              19m 56s    95%    Losses                       Value  │
│  Environment               beam_rider      Forward             15m 32s    74%    policy_loss                  0.001  │
│  Agent Steps                     3.3m      Env                     33s     2%    value_loss                   9.211  │
│  SPS                             2.5k      Misc                 3m 23s    16%    entropy                      1.329  │
│  Epoch                            108    Train                     58s     4%    old_approx_kl                0.033  │
│  Uptime                       20m 56s      Forward                 12s     1%    approx_kl                    0.032  │
│  Remaining                    39m 59s      Learn                   34s     2%    clipfrac                     0.046  │
│                                            Misc                    10s     0%    explained_variance           0.942  │
│                                                                                                                      │
│  User Stats                                        Value    User Stats                                        Value  │
│  episode_return                                 1195.852    episode_length                                 1473.185  │
│                                                                                                                      │
│  Message: Checkpoint saved at update 105                                                                             │
╰──────────────────────────────────────────────────────────────────────────────────────────────────────────────────────╯

[0;0H╭──────────────────────────────────────────────────────────────────────────────────────────────────────────────────────╮
│  🐡 PufferLib 2.0.0                          CPU: 5356.0%       GPU: 16.9%        DRAM: 8.4%            VRAM: 97.3%  │
│                                                                                                                      │
│  Summary                        Value    Evaluate               20m 8s    95%    Losses                       Value  │
│  Environment               beam_rider      Forward             15m 42s    74%    policy_loss                  0.003  │
│  Agent Steps                     3.3m      Env                     33s     2%    value_loss                  10.372  │
│  SPS                             2.4k      Misc                 3m 25s    16%    entropy                      1.224  │
│  Epoch                            109    Train                     58s     4%    old_approx_kl                0.034  │
│  Uptime                        21m 8s      Forward                 12s     1%    approx_kl                    0.034  │
│  Remaining                     40m 6s      Learn                   34s     2%    clipfrac                     0.046  │
│                                            Misc                    10s     0%    explained_variance           0.942  │
│                                                                                                                      │
│  User Stats                                        Value    User Stats                                        Value  │
│  episode_return                                 1066.889    episode_length                                 1376.111  │
│                                                                                                                      │
│  Message: Checkpoint saved at update 108                                                                             │
╰──────────────────────────────────────────────────────────────────────────────────────────────────────────────────────╯

[0;0H╭──────────────────────────────────────────────────────────────────────────────────────────────────────────────────────╮
│  🐡 PufferLib 2.0.0                          CPU: 5372.0%       GPU: 17.1%        DRAM: 8.4%            VRAM: 97.3%  │
│                                                                                                                      │
│  Summary                        Value    Evaluate              20m 20s    95%    Losses                       Value  │
│  Environment               beam_rider      Forward             15m 51s    74%    policy_loss                 -0.001  │
│  Agent Steps                     3.4m      Env                     33s     2%    value_loss                   9.665  │
│  SPS                             2.5k      Misc                 3m 27s    16%    entropy                      1.333  │
│  Epoch                            110    Train                     59s     4%    old_approx_kl                0.030  │
│  Uptime                       21m 21s      Forward                 13s     1%    approx_kl                    0.031  │
│  Remaining                    39m 12s      Learn                   35s     2%    clipfrac                     0.043  │
│                                            Misc                    11s     0%    explained_variance           0.943  │
│                                                                                                                      │
│  User Stats                                        Value    User Stats                                        Value  │
│  episode_return                                 1060.000    episode_length                                 1348.227  │
│                                                                                                                      │
│  Message: Checkpoint saved at update 108                                                                             │
╰──────────────────────────────────────────────────────────────────────────────────────────────────────────────────────╯

[0;0H╭──────────────────────────────────────────────────────────────────────────────────────────────────────────────────────╮
│  🐡 PufferLib 2.0.0                          CPU: 5369.5%       GPU: 15.1%        DRAM: 8.4%            VRAM: 97.3%  │
│                                                                                                                      │
│  Summary                        Value    Evaluate              20m 32s    95%    Losses                       Value  │
│  Environment               beam_rider      Forward              16m 0s    74%    policy_loss                  0.000  │
│  Agent Steps                     3.4m      Env                     34s     2%    value_loss                   9.413  │
│  SPS                             2.5k      Misc                 3m 29s    16%    entropy                      1.269  │
│  Epoch                            111    Train                     59s     4%    old_approx_kl                0.024  │
│  Uptime                       21m 33s      Forward                 13s     1%    approx_kl                    0.024  │
│  Remaining                    39m 27s      Learn                   35s     2%    clipfrac                     0.036  │
│                                            Misc                    11s     0%    explained_variance           0.949  │
│                                                                                                                      │
│  User Stats                                        Value    User Stats                                        Value  │
│  episode_return                                 1068.182    episode_length                                 1385.364  │
│                                                                                                                      │
│  Message: Checkpoint saved at update 108                                                                             │
╰──────────────────────────────────────────────────────────────────────────────────────────────────────────────────────╯

[0;0H╭──────────────────────────────────────────────────────────────────────────────────────────────────────────────────────╮
│  🐡 PufferLib 2.0.0                          CPU: 5369.5%       GPU: 17.0%        DRAM: 8.4%            VRAM: 97.3%  │
│                                                                                                                      │
│  Summary                        Value    Evaluate              20m 44s    95%    Losses                       Value  │
│  Environment               beam_rider      Forward             16m 10s    74%    policy_loss                 -0.001  │
│  Agent Steps                     3.4m      Env                     34s     2%    value_loss                   9.457  │
│  SPS                             2.4k      Misc                 3m 31s    16%    entropy                      1.285  │
│  Epoch                            112    Train                   1m 0s     4%    old_approx_kl                0.035  │
│  Uptime                       21m 46s      Forward                 13s     1%    approx_kl                    0.034  │
│  Remaining                    39m 27s      Learn                   35s     2%    clipfrac                     0.052  │
│                                            Misc                    11s     0%    explained_variance           0.947  │
│                                                                                                                      │
│  User Stats                                        Value    User Stats                                        Value  │
│  episode_return                                 1199.294    episode_length                                 1467.588  │
│                                                                                                                      │
│  Message: Checkpoint saved at update 111                                                                             │
╰──────────────────────────────────────────────────────────────────────────────────────────────────────────────────────╯

[0;0H╭──────────────────────────────────────────────────────────────────────────────────────────────────────────────────────╮
│  🐡 PufferLib 2.0.0                          CPU: 5380.5%       GPU: 15.0%        DRAM: 8.5%            VRAM: 97.3%  │
│                                                                                                                      │
│  Summary                        Value    Evaluate              20m 56s    95%    Losses                       Value  │
│  Environment               beam_rider      Forward             16m 19s    74%    policy_loss                  0.001  │
│  Agent Steps                     3.5m      Env                     34s     2%    value_loss                   9.173  │
│  SPS                             2.5k      Misc                 3m 33s    16%    entropy                      1.293  │
│  Epoch                            113    Train                   1m 0s     4%    old_approx_kl                0.032  │
│  Uptime                       21m 58s      Forward                 13s     1%    approx_kl                    0.031  │
│  Remaining                    38m 55s      Learn                   36s     2%    clipfrac                     0.044  │
│                                            Misc                    11s     0%    explained_variance           0.947  │
│                                                                                                                      │
│  User Stats                                        Value    User Stats                                        Value  │
│  episode_return                                 1193.833    episode_length                                 1456.958  │
│                                                                                                                      │
│  Message: Checkpoint saved at update 111                                                                             │
╰──────────────────────────────────────────────────────────────────────────────────────────────────────────────────────╯

[0;0H╭──────────────────────────────────────────────────────────────────────────────────────────────────────────────────────╮
│  🐡 PufferLib 2.0.0                          CPU: 5374.5%       GPU: 16.9%        DRAM: 8.5%            VRAM: 97.3%  │
│                                                                                                                      │
│  Summary                        Value    Evaluate               21m 8s    95%    Losses                       Value  │
│  Environment               beam_rider      Forward             16m 29s    74%    policy_loss                  0.002  │
│  Agent Steps                     3.5m      Env                     35s     2%    value_loss                   8.747  │
│  SPS                             2.5k      Misc                 3m 35s    16%    entropy                      1.377  │
│  Epoch                            114    Train                   1m 1s     4%    old_approx_kl                0.031  │
│  Uptime                       22m 11s      Forward                 13s     1%    approx_kl                    0.032  │
│  Remaining                    38m 44s      Learn                   36s     2%    clipfrac                     0.047  │
│                                            Misc                    11s     0%    explained_variance           0.946  │
│                                                                                                                      │
│  User Stats                                        Value    User Stats                                        Value  │
│  episode_return                                 1137.600    episode_length                                 1457.100  │
│                                                                                                                      │
│  Message: Checkpoint saved at update 111                                                                             │
╰──────────────────────────────────────────────────────────────────────────────────────────────────────────────────────╯

[0;0H╭──────────────────────────────────────────────────────────────────────────────────────────────────────────────────────╮
│  🐡 PufferLib 2.0.0                          CPU: 5358.0%       GPU: 15.8%        DRAM: 8.5%            VRAM: 97.3%  │
│                                                                                                                      │
│  Summary                        Value    Evaluate              21m 19s    95%    Losses                       Value  │
│  Environment               beam_rider      Forward             16m 37s    74%    policy_loss                 -0.001  │
│  Agent Steps                     3.5m      Env                     35s     2%    value_loss                   8.599  │
│  SPS                             2.7k      Misc                 3m 37s    16%    entropy                      1.290  │
│  Epoch                            115    Train                   1m 2s     4%    old_approx_kl                0.035  │
│  Uptime                       22m 22s      Forward                 13s     1%    approx_kl                    0.033  │
│  Remaining                     35m 8s      Learn                   36s     2%    clipfrac                     0.049  │
│                                            Misc                    11s     0%    explained_variance           0.951  │
│                                                                                                                      │
│  User Stats                                        Value    User Stats                                        Value  │
│  episode_return                                 1167.833    episode_length                                 1460.625  │
│                                                                                                                      │
│  Message: Checkpoint saved at update 114                                                                             │
╰──────────────────────────────────────────────────────────────────────────────────────────────────────────────────────╯

[0;0H╭──────────────────────────────────────────────────────────────────────────────────────────────────────────────────────╮
│  🐡 PufferLib 2.0.0                          CPU: 5377.5%       GPU: 18.6%        DRAM: 8.5%            VRAM: 97.3%  │
│                                                                                                                      │
│  Summary                        Value    Evaluate              21m 29s    95%    Losses                       Value  │
│  Environment               beam_rider      Forward             16m 45s    74%    policy_loss                 -0.004  │
│  Agent Steps                     3.6m      Env                     35s     2%    value_loss                   8.457  │
│  SPS                             2.9k      Misc                 3m 39s    16%    entropy                      1.370  │
│  Epoch                            116    Train                   1m 2s     4%    old_approx_kl                0.031  │
│  Uptime                       22m 33s      Forward                 13s     1%    approx_kl                    0.031  │
│  Remaining                    32m 34s      Learn                   37s     2%    clipfrac                     0.045  │
│                                            Misc                    11s     0%    explained_variance           0.948  │
│                                                                                                                      │
│  User Stats                                        Value    User Stats                                        Value  │
│  episode_return                                 1089.647    episode_length                                 1425.294  │
│                                                                                                                      │
│  Message: Checkpoint saved at update 114                                                                             │
╰──────────────────────────────────────────────────────────────────────────────────────────────────────────────────────╯

[0;0H╭──────────────────────────────────────────────────────────────────────────────────────────────────────────────────────╮
│  🐡 PufferLib 2.0.0                          CPU: 5382.5%       GPU: 20.2%        DRAM: 8.5%            VRAM: 97.3%  │
│                                                                                                                      │
│  Summary                        Value    Evaluate              21m 39s    95%    Losses                       Value  │
│  Environment               beam_rider      Forward             16m 53s    74%    policy_loss                 -0.002  │
│  Agent Steps                     3.6m      Env                     36s     2%    value_loss                   9.356  │
│  SPS                             2.9k      Misc                 3m 40s    16%    entropy                      1.333  │
│  Epoch                            117    Train                   1m 3s     4%    old_approx_kl                0.029  │
│  Uptime                       22m 43s      Forward                 13s     1%    approx_kl                    0.029  │
│  Remaining                    32m 25s      Learn                   37s     2%    clipfrac                     0.040  │
│                                            Misc                    11s     0%    explained_variance           0.944  │
│                                                                                                                      │
│  User Stats                                        Value    User Stats                                        Value  │
│  episode_return                                 1126.074    episode_length                                 1445.185  │
│                                                                                                                      │
│  Message: Checkpoint saved at update 114                                                                             │
╰──────────────────────────────────────────────────────────────────────────────────────────────────────────────────────╯

[0;0H╭──────────────────────────────────────────────────────────────────────────────────────────────────────────────────────╮
│  🐡 PufferLib 2.0.0                          CPU: 5375.0%       GPU: 20.2%        DRAM: 8.5%            VRAM: 97.3%  │
│                                                                                                                      │
│  Summary                        Value    Evaluate              21m 49s    95%    Losses                       Value  │
│  Environment               beam_rider      Forward              17m 1s    74%    policy_loss                 -0.001  │
│  Agent Steps                     3.6m      Env                     36s     2%    value_loss                   9.418  │
│  SPS                             2.8k      Misc                 3m 42s    16%    entropy                      1.256  │
│  Epoch                            118    Train                   1m 3s     4%    old_approx_kl                0.038  │
│  Uptime                       22m 54s      Forward                 13s     1%    approx_kl                    0.036  │
│  Remaining                    32m 45s      Learn                   37s     2%    clipfrac                     0.052  │
│                                            Misc                    11s     0%    explained_variance           0.945  │
│                                                                                                                      │
│  User Stats                                        Value    User Stats                                        Value  │
│  episode_return                                 1117.400    episode_length                                 1469.850  │
│                                                                                                                      │
│  Message: Checkpoint saved at update 117                                                                             │
╰──────────────────────────────────────────────────────────────────────────────────────────────────────────────────────╯

[0;0H╭──────────────────────────────────────────────────────────────────────────────────────────────────────────────────────╮
│  🐡 PufferLib 2.0.0                          CPU: 5385.0%       GPU: 20.2%        DRAM: 8.5%            VRAM: 97.3%  │
│                                                                                                                      │
│  Summary                        Value    Evaluate               22m 0s    95%    Losses                       Value  │
│  Environment               beam_rider      Forward              17m 8s    74%    policy_loss                  0.001  │
│  Agent Steps                     3.7m      Env                     36s     2%    value_loss                   9.130  │
│  SPS                             2.9k      Misc                 3m 44s    16%    entropy                      1.350  │
│  Epoch                            119    Train                   1m 4s     4%    old_approx_kl                0.038  │
│  Uptime                        23m 5s      Forward                 14s     1%    approx_kl                    0.034  │
│  Remaining                    32m 26s      Learn                   38s     2%    clipfrac                     0.051  │
│                                            Misc                    11s     0%    explained_variance           0.948  │
│                                                                                                                      │
│  User Stats                                        Value    User Stats                                        Value  │
│  episode_return                                 1245.714    episode_length                                 1498.286  │
│                                                                                                                      │
│  Message: Checkpoint saved at update 117                                                                             │
╰──────────────────────────────────────────────────────────────────────────────────────────────────────────────────────╯

[0;0H╭──────────────────────────────────────────────────────────────────────────────────────────────────────────────────────╮
│  🐡 PufferLib 2.0.0                          CPU: 5386.5%       GPU: 18.0%        DRAM: 8.5%            VRAM: 97.3%  │
│                                                                                                                      │
│  Summary                        Value    Evaluate              22m 10s    95%    Losses                       Value  │
│  Environment               beam_rider      Forward             17m 16s    74%    policy_loss                 -0.002  │
│  Agent Steps                     3.7m      Env                     36s     2%    value_loss                   7.600  │
│  SPS                             2.9k      Misc                 3m 46s    16%    entropy                      1.265  │
│  Epoch                            120    Train                   1m 4s     4%    old_approx_kl                0.031  │
│  Uptime                       23m 16s      Forward                 14s     1%    approx_kl                    0.030  │
│  Remaining                    32m 11s      Learn                   38s     2%    clipfrac                     0.048  │
│                                            Misc                    12s     0%    explained_variance           0.959  │
│                                                                                                                      │
│  User Stats                                        Value    User Stats                                        Value  │
│  episode_return                                 1041.625    episode_length                                 1392.469  │
│                                                                                                                      │
│  Message: Checkpoint saved at update 117                                                                             │
╰──────────────────────────────────────────────────────────────────────────────────────────────────────────────────────╯

[0;0H╭──────────────────────────────────────────────────────────────────────────────────────────────────────────────────────╮
│  🐡 PufferLib 2.0.0                          CPU: 5369.0%       GPU: 20.1%        DRAM: 8.5%            VRAM: 97.3%  │
│                                                                                                                      │
│  Summary                        Value    Evaluate              22m 20s    95%    Losses                       Value  │
│  Environment               beam_rider      Forward             17m 24s    74%    policy_loss                 -0.003  │
│  Agent Steps                     3.7m      Env                     37s     2%    value_loss                   8.353  │
│  SPS                             2.8k      Misc                 3m 48s    16%    entropy                      1.285  │
│  Epoch                            121    Train                   1m 5s     4%    old_approx_kl                0.038  │
│  Uptime                       23m 27s      Forward                 14s     1%    approx_kl                    0.039  │
│  Remaining                    32m 13s      Learn                   38s     2%    clipfrac                     0.062  │
│                                            Misc                    12s     0%    explained_variance           0.950  │
│                                                                                                                      │
│  User Stats                                        Value    User Stats                                        Value  │
│  episode_return                                 1246.571    episode_length                                 1579.286  │
│                                                                                                                      │
│  Message: Checkpoint saved at update 120                                                                             │
╰──────────────────────────────────────────────────────────────────────────────────────────────────────────────────────╯

[0;0H╭──────────────────────────────────────────────────────────────────────────────────────────────────────────────────────╮
│  🐡 PufferLib 2.0.0                          CPU: 5384.5%       GPU: 21.8%        DRAM: 8.5%            VRAM: 97.3%  │
│                                                                                                                      │
│  Summary                        Value    Evaluate              22m 31s    95%    Losses                       Value  │
│  Environment               beam_rider      Forward             17m 32s    74%    policy_loss                 -0.004  │
│  Agent Steps                     3.7m      Env                     37s     2%    value_loss                   8.593  │
│  SPS                             2.7k      Misc                 3m 49s    16%    entropy                      1.262  │
│  Epoch                            122    Train                   1m 5s     4%    old_approx_kl                0.036  │
│  Uptime                       23m 38s      Forward                 14s     1%    approx_kl                    0.033  │
│  Remaining                     33m 9s      Learn                   38s     2%    clipfrac                     0.050  │
│                                            Misc                    12s     0%    explained_variance           0.956  │
│                                                                                                                      │
│  User Stats                                        Value    User Stats                                        Value  │
│  episode_return                                 1096.952    episode_length                                 1406.952  │
│                                                                                                                      │
│  Message: Checkpoint saved at update 120                                                                             │
╰──────────────────────────────────────────────────────────────────────────────────────────────────────────────────────╯

[0;0H╭──────────────────────────────────────────────────────────────────────────────────────────────────────────────────────╮
│  🐡 PufferLib 2.0.0                          CPU: 5384.0%       GPU: 19.6%        DRAM: 8.5%            VRAM: 97.3%  │
│                                                                                                                      │
│  Summary                        Value    Evaluate              22m 41s    95%    Losses                       Value  │
│  Environment               beam_rider      Forward             17m 40s    74%    policy_loss                 -0.002  │
│  Agent Steps                     3.8m      Env                     37s     2%    value_loss                   8.919  │
│  SPS                             2.9k      Misc                 3m 51s    16%    entropy                      1.237  │
│  Epoch                            123    Train                   1m 6s     4%    old_approx_kl                0.035  │
│  Uptime                       23m 48s      Forward                 14s     1%    approx_kl                    0.035  │
│  Remaining                    31m 21s      Learn                   39s     2%    clipfrac                     0.052  │
│                                            Misc                    12s     0%    explained_variance           0.954  │
│                                                                                                                      │
│  User Stats                                        Value    User Stats                                        Value  │
│  episode_return                                 1052.348    episode_length                                 1418.217  │
│                                                                                                                      │
│  Message: Checkpoint saved at update 120                                                                             │
╰──────────────────────────────────────────────────────────────────────────────────────────────────────────────────────╯

[0;0H╭──────────────────────────────────────────────────────────────────────────────────────────────────────────────────────╮
│  🐡 PufferLib 2.0.0                          CPU: 5368.5%       GPU: 17.4%        DRAM: 8.5%            VRAM: 97.3%  │
│                                                                                                                      │
│  Summary                        Value    Evaluate              22m 51s    95%    Losses                       Value  │
│  Environment               beam_rider      Forward             17m 48s    74%    policy_loss                  0.001  │
│  Agent Steps                     3.8m      Env                     38s     2%    value_loss                   9.718  │
│  SPS                             2.8k      Misc                 3m 53s    16%    entropy                      1.231  │
│  Epoch                            124    Train                   1m 6s     4%    old_approx_kl                0.042  │
│  Uptime                       23m 59s      Forward                 14s     1%    approx_kl                    0.041  │
│  Remaining                    32m 10s      Learn                   39s     2%    clipfrac                     0.065  │
│                                            Misc                    12s     0%    explained_variance           0.950  │
│                                                                                                                      │
│  User Stats                                        Value    User Stats                                        Value  │
│  episode_return                                 1197.143    episode_length                                 1546.667  │
│                                                                                                                      │
│  Message: Checkpoint saved at update 123                                                                             │
╰──────────────────────────────────────────────────────────────────────────────────────────────────────────────────────╯

[0;0H╭──────────────────────────────────────────────────────────────────────────────────────────────────────────────────────╮
│  🐡 PufferLib 2.0.0                          CPU: 5376.5%       GPU: 18.6%        DRAM: 8.5%            VRAM: 97.3%  │
│                                                                                                                      │
│  Summary                        Value    Evaluate               23m 2s    95%    Losses                       Value  │
│  Environment               beam_rider      Forward             17m 57s    74%    policy_loss                  0.001  │
│  Agent Steps                     3.8m      Env                     38s     2%    value_loss                   9.157  │
│  SPS                             2.6k      Misc                 3m 55s    16%    entropy                      1.238  │
│  Epoch                            125    Train                   1m 7s     4%    old_approx_kl                0.034  │
│  Uptime                       24m 11s      Forward                 14s     1%    approx_kl                    0.035  │
│  Remaining                     34m 8s      Learn                   39s     2%    clipfrac                     0.049  │
│                                            Misc                    12s     0%    explained_variance           0.954  │
│                                                                                                                      │
│  User Stats                                        Value    User Stats                                        Value  │
│  episode_return                                 1073.217    episode_length                                 1375.217  │
│                                                                                                                      │
│  Message: Checkpoint saved at update 123                                                                             │
╰──────────────────────────────────────────────────────────────────────────────────────────────────────────────────────╯

[0;0H╭──────────────────────────────────────────────────────────────────────────────────────────────────────────────────────╮
│  🐡 PufferLib 2.0.0                          CPU: 5376.5%       GPU: 18.2%        DRAM: 8.5%            VRAM: 97.3%  │
│                                                                                                                      │
│  Summary                        Value    Evaluate              23m 14s    95%    Losses                       Value  │
│  Environment               beam_rider      Forward              18m 6s    74%    policy_loss                 -0.000  │
│  Agent Steps                     3.9m      Env                     38s     2%    value_loss                  12.938  │
│  SPS                             2.6k      Misc                 3m 57s    16%    entropy                      1.268  │
│  Epoch                            126    Train                   1m 7s     4%    old_approx_kl                0.030  │
│  Uptime                       24m 23s      Forward                 14s     1%    approx_kl                    0.031  │
│  Remaining                     34m 8s      Learn                   40s     2%    clipfrac                     0.046  │
│                                            Misc                    12s     0%    explained_variance           0.936  │
│                                                                                                                      │
│  User Stats                                        Value    User Stats                                        Value  │
│  episode_return                                 1188.000    episode_length                                 1457.789  │
│                                                                                                                      │
│  Message: Checkpoint saved at update 123                                                                             │
╰──────────────────────────────────────────────────────────────────────────────────────────────────────────────────────╯

[0;0H╭──────────────────────────────────────────────────────────────────────────────────────────────────────────────────────╮
│  🐡 PufferLib 2.0.0                          CPU: 5362.0%       GPU: 20.1%        DRAM: 8.5%            VRAM: 97.3%  │
│                                                                                                                      │
│  Summary                        Value    Evaluate              23m 25s    95%    Losses                       Value  │
│  Environment               beam_rider      Forward             18m 15s    74%    policy_loss                 -0.001  │
│  Agent Steps                     3.9m      Env                     39s     2%    value_loss                   9.635  │
│  SPS                             2.6k      Misc                 3m 59s    16%    entropy                      1.260  │
│  Epoch                            127    Train                   1m 8s     4%    old_approx_kl                0.034  │
│  Uptime                       24m 35s      Forward                 15s     1%    approx_kl                    0.034  │
│  Remaining                    34m 30s      Learn                   40s     2%    clipfrac                     0.052  │
│                                            Misc                    12s     0%    explained_variance           0.955  │
│                                                                                                                      │
│  User Stats                                        Value    User Stats                                        Value  │
│  episode_return                                 1169.524    episode_length                                 1448.190  │
│                                                                                                                      │
│  Message: Checkpoint saved at update 126                                                                             │
╰──────────────────────────────────────────────────────────────────────────────────────────────────────────────────────╯

[0;0H╭──────────────────────────────────────────────────────────────────────────────────────────────────────────────────────╮
│  🐡 PufferLib 2.0.0                          CPU: 5381.5%       GPU: 20.1%        DRAM: 8.5%            VRAM: 97.3%  │
│                                                                                                                      │
│  Summary                        Value    Evaluate              23m 37s    95%    Losses                       Value  │
│  Environment               beam_rider      Forward             18m 23s    74%    policy_loss                 -0.001  │
│  Agent Steps                     3.9m      Env                     39s     2%    value_loss                   9.002  │
│  SPS                             2.6k      Misc                  4m 1s    16%    entropy                      1.254  │
│  Epoch                            128    Train                   1m 8s     4%    old_approx_kl                0.034  │
│  Uptime                       24m 47s      Forward                 15s     1%    approx_kl                    0.034  │
│  Remaining                     34m 8s      Learn                   40s     2%    clipfrac                     0.053  │
│                                            Misc                    12s     0%    explained_variance           0.960  │
│                                                                                                                      │
│  User Stats                                        Value    User Stats                                        Value  │
│  episode_return                                 1241.077    episode_length                                 1472.615  │
│                                                                                                                      │
│  Message: Checkpoint saved at update 126                                                                             │
╰──────────────────────────────────────────────────────────────────────────────────────────────────────────────────────╯

[0;0H╭──────────────────────────────────────────────────────────────────────────────────────────────────────────────────────╮
│  🐡 PufferLib 2.0.0                          CPU: 5380.5%       GPU: 18.2%        DRAM: 8.5%            VRAM: 97.3%  │
│                                                                                                                      │
│  Summary                        Value    Evaluate              23m 48s    95%    Losses                       Value  │
│  Environment               beam_rider      Forward             18m 32s    74%    policy_loss                 -0.001  │
│  Agent Steps                     4.0m      Env                     39s     2%    value_loss                  11.906  │
│  SPS                             2.6k      Misc                  4m 3s    16%    entropy                      1.204  │
│  Epoch                            129    Train                   1m 9s     4%    old_approx_kl                0.034  │
│  Uptime                       24m 59s      Forward                 15s     1%    approx_kl                    0.032  │
│  Remaining                    33m 45s      Learn                   41s     2%    clipfrac                     0.051  │
│                                            Misc                    12s     0%    explained_variance           0.941  │
│                                                                                                                      │
│  User Stats                                        Value    User Stats                                        Value  │
│  episode_return                                 1090.250    episode_length                                 1354.875  │
│                                                                                                                      │
│  Message: Checkpoint saved at update 126                                                                             │
╰──────────────────────────────────────────────────────────────────────────────────────────────────────────────────────╯

[0;0H╭──────────────────────────────────────────────────────────────────────────────────────────────────────────────────────╮
│  🐡 PufferLib 2.0.0                          CPU: 5363.5%       GPU: 18.2%        DRAM: 8.5%            VRAM: 97.3%  │
│                                                                                                                      │
│  Summary                        Value    Evaluate              23m 59s    95%    Losses                       Value  │
│  Environment               beam_rider      Forward             18m 41s    74%    policy_loss                 -0.002  │
│  Agent Steps                     4.0m      Env                     40s     2%    value_loss                  10.513  │
│  SPS                             2.6k      Misc                  4m 5s    16%    entropy                      1.254  │
│  Epoch                            130    Train                   1m 9s     4%    old_approx_kl                0.035  │
│  Uptime                       25m 10s      Forward                 15s     1%    approx_kl                    0.033  │
│  Remaining                    33m 45s      Learn                   41s     2%    clipfrac                     0.052  │
│                                            Misc                    13s     0%    explained_variance           0.954  │
│                                                                                                                      │
│  User Stats                                        Value    User Stats                                        Value  │
│  episode_return                                 1161.440    episode_length                                 1467.280  │
│                                                                                                                      │
│  Message: Checkpoint saved at update 129                                                                             │
╰──────────────────────────────────────────────────────────────────────────────────────────────────────────────────────╯

[0;0H╭──────────────────────────────────────────────────────────────────────────────────────────────────────────────────────╮
│  🐡 PufferLib 2.0.0                          CPU: 5379.5%       GPU: 17.0%        DRAM: 8.5%            VRAM: 97.3%  │
│                                                                                                                      │
│  Summary                        Value    Evaluate               24m 9s    95%    Losses                       Value  │
│  Environment               beam_rider      Forward             18m 49s    74%    policy_loss                  0.001  │
│  Agent Steps                     4.0m      Env                     40s     2%    value_loss                   9.389  │
│  SPS                             2.8k      Misc                  4m 6s    16%    entropy                      1.151  │
│  Epoch                            131    Train                  1m 10s     4%    old_approx_kl                0.038  │
│  Uptime                       25m 21s      Forward                 15s     1%    approx_kl                    0.041  │
│  Remaining                    30m 21s      Learn                   41s     2%    clipfrac                     0.063  │
│                                            Misc                    13s     0%    explained_variance           0.961  │
│                                                                                                                      │
│  User Stats                                        Value    User Stats                                        Value  │
│  episode_return                                 1182.667    episode_length                                 1436.952  │
│                                                                                                                      │
│  Message: Checkpoint saved at update 129                                                                             │
╰──────────────────────────────────────────────────────────────────────────────────────────────────────────────────────╯

[0;0H╭──────────────────────────────────────────────────────────────────────────────────────────────────────────────────────╮
│  🐡 PufferLib 2.0.0                          CPU: 5385.5%       GPU: 19.9%        DRAM: 8.5%            VRAM: 97.3%  │
│                                                                                                                      │
│  Summary                        Value    Evaluate              24m 20s    95%    Losses                       Value  │
│  Environment               beam_rider      Forward             18m 57s    74%    policy_loss                  0.003  │
│  Agent Steps                     4.1m      Env                     40s     2%    value_loss                   9.590  │
│  SPS                             2.9k      Misc                  4m 8s    16%    entropy                      1.206  │
│  Epoch                            132    Train                  1m 10s     4%    old_approx_kl                0.046  │
│  Uptime                       25m 32s      Forward                 15s     1%    approx_kl                    0.042  │
│  Remaining                    29m 44s      Learn                   42s     2%    clipfrac                     0.062  │
│                                            Misc                    13s     0%    explained_variance           0.959  │
│                                                                                                                      │
│  User Stats                                        Value    User Stats                                        Value  │
│  episode_return                                 1094.476    episode_length                                 1369.429  │
│                                                                                                                      │
│  Message: Checkpoint saved at update 129                                                                             │
╰──────────────────────────────────────────────────────────────────────────────────────────────────────────────────────╯

[0;0H╭──────────────────────────────────────────────────────────────────────────────────────────────────────────────────────╮
│  🐡 PufferLib 2.0.0                          CPU: 5372.0%       GPU: 19.9%        DRAM: 8.5%            VRAM: 97.3%  │
│                                                                                                                      │
│  Summary                        Value    Evaluate              24m 30s    95%    Losses                       Value  │
│  Environment               beam_rider      Forward              19m 5s    74%    policy_loss                 -0.000  │
│  Agent Steps                     4.1m      Env                     40s     2%    value_loss                  10.646  │
│  SPS                             2.9k      Misc                 4m 10s    16%    entropy                      1.234  │
│  Epoch                            133    Train                  1m 11s     4%    old_approx_kl                0.033  │
│  Uptime                       25m 43s      Forward                 15s     1%    approx_kl                    0.034  │
│  Remaining                    29m 56s      Learn                   42s     2%    clipfrac                     0.053  │
│                                            Misc                    13s     0%    explained_variance           0.951  │
│                                                                                                                      │
│  User Stats                                        Value    User Stats                                        Value  │
│  episode_return                                 1118.087    episode_length                                 1405.478  │
│                                                                                                                      │
│  Message: Checkpoint saved at update 132                                                                             │
╰──────────────────────────────────────────────────────────────────────────────────────────────────────────────────────╯

[0;0H╭──────────────────────────────────────────────────────────────────────────────────────────────────────────────────────╮
│  🐡 PufferLib 2.0.0                          CPU: 5385.0%       GPU: 20.1%        DRAM: 8.5%            VRAM: 97.3%  │
│                                                                                                                      │
│  Summary                        Value    Evaluate              24m 40s    95%    Losses                       Value  │
│  Environment               beam_rider      Forward             19m 13s    74%    policy_loss                 -0.003  │
│  Agent Steps                     4.1m      Env                     41s     2%    value_loss                   9.946  │
│  SPS                             2.9k      Misc                 4m 12s    16%    entropy                      1.103  │
│  Epoch                            134    Train                  1m 12s     4%    old_approx_kl                0.028  │
│  Uptime                       25m 53s      Forward                 15s     1%    approx_kl                    0.028  │
│  Remaining                    29m 31s      Learn                   42s     2%    clipfrac                     0.041  │
│                                            Misc                    13s     0%    explained_variance           0.957  │
│                                                                                                                      │
│  User Stats                                        Value    User Stats                                        Value  │
│  episode_return                                 1199.158    episode_length                                 1435.316  │
│                                                                                                                      │
│  Message: Checkpoint saved at update 132                                                                             │
╰──────────────────────────────────────────────────────────────────────────────────────────────────────────────────────╯

[0;0H╭──────────────────────────────────────────────────────────────────────────────────────────────────────────────────────╮
│  🐡 PufferLib 2.0.0                          CPU: 5384.5%       GPU: 18.5%        DRAM: 8.5%            VRAM: 97.3%  │
│                                                                                                                      │
│  Summary                        Value    Evaluate              24m 50s    95%    Losses                       Value  │
│  Environment               beam_rider      Forward             19m 20s    74%    policy_loss                 -0.001  │
│  Agent Steps                     4.1m      Env                     41s     2%    value_loss                  10.466  │
│  SPS                             2.9k      Misc                 4m 14s    16%    entropy                      1.217  │
│  Epoch                            135    Train                  1m 12s     4%    old_approx_kl                0.036  │
│  Uptime                        26m 4s      Forward                 15s     1%    approx_kl                    0.039  │
│  Remaining                    29m 17s      Learn                   42s     2%    clipfrac                     0.056  │
│                                            Misc                    13s     0%    explained_variance           0.952  │
│                                                                                                                      │
│  User Stats                                        Value    User Stats                                        Value  │
│  episode_return                                 1094.824    episode_length                                 1406.882  │
│                                                                                                                      │
│  Message: Checkpoint saved at update 132                                                                             │
╰──────────────────────────────────────────────────────────────────────────────────────────────────────────────────────╯

[0;0H╭──────────────────────────────────────────────────────────────────────────────────────────────────────────────────────╮
│  🐡 PufferLib 2.0.0                          CPU: 5364.5%       GPU: 18.4%        DRAM: 8.5%            VRAM: 97.3%  │
│                                                                                                                      │
│  Summary                        Value    Evaluate               25m 0s    95%    Losses                       Value  │
│  Environment               beam_rider      Forward             19m 28s    74%    policy_loss                 -0.001  │
│  Agent Steps                     4.2m      Env                     41s     2%    value_loss                  10.433  │
│  SPS                             2.9k      Misc                 4m 15s    16%    entropy                      1.196  │
│  Epoch                            136    Train                  1m 13s     4%    old_approx_kl                0.026  │
│  Uptime                       26m 15s      Forward                 16s     1%    approx_kl                    0.029  │
│  Remaining                    29m 17s      Learn                   43s     2%    clipfrac                     0.042  │
│                                            Misc                    13s     0%    explained_variance           0.955  │
│                                                                                                                      │
│  User Stats                                        Value    User Stats                                        Value  │
│  episode_return                                 1162.667    episode_length                                 1499.917  │
│                                                                                                                      │
│  Message: Checkpoint saved at update 135                                                                             │
╰──────────────────────────────────────────────────────────────────────────────────────────────────────────────────────╯

[0;0H╭──────────────────────────────────────────────────────────────────────────────────────────────────────────────────────╮
│  🐡 PufferLib 2.0.0                          CPU: 5385.0%       GPU: 20.1%        DRAM: 8.5%            VRAM: 97.3%  │
│                                                                                                                      │
│  Summary                        Value    Evaluate              25m 10s    95%    Losses                       Value  │
│  Environment               beam_rider      Forward             19m 36s    74%    policy_loss                 -0.001  │
│  Agent Steps                     4.2m      Env                     42s     2%    value_loss                  10.048  │
│  SPS                             2.9k      Misc                 4m 17s    16%    entropy                      1.189  │
│  Epoch                            137    Train                  1m 13s     4%    old_approx_kl                0.032  │
│  Uptime                       26m 25s      Forward                 16s     1%    approx_kl                    0.029  │
│  Remaining                     29m 0s      Learn                   43s     2%    clipfrac                     0.046  │
│                                            Misc                    13s     0%    explained_variance           0.960  │
│                                                                                                                      │
│  User Stats                                        Value    User Stats                                        Value  │
│  episode_return                                 1211.826    episode_length                                 1500.870  │
│                                                                                                                      │
│  Message: Checkpoint saved at update 135                                                                             │
╰──────────────────────────────────────────────────────────────────────────────────────────────────────────────────────╯

[0;0H╭──────────────────────────────────────────────────────────────────────────────────────────────────────────────────────╮
│  🐡 PufferLib 2.0.0                          CPU: 5384.5%       GPU: 20.1%        DRAM: 8.5%            VRAM: 97.3%  │
│                                                                                                                      │
│  Summary                        Value    Evaluate              25m 21s    95%    Losses                       Value  │
│  Environment               beam_rider      Forward             19m 44s    74%    policy_loss                 -0.001  │
│  Agent Steps                     4.2m      Env                     42s     2%    value_loss                  10.455  │
│  SPS                             2.9k      Misc                 4m 19s    16%    entropy                      1.190  │
│  Epoch                            138    Train                  1m 14s     4%    old_approx_kl                0.030  │
│  Uptime                       26m 36s      Forward                 16s     1%    approx_kl                    0.029  │
│  Remaining                    28m 38s      Learn                   43s     2%    clipfrac                     0.043  │
│                                            Misc                    13s     0%    explained_variance           0.957  │
│                                                                                                                      │
│  User Stats                                        Value    User Stats                                        Value  │
│  episode_return                                 1237.053    episode_length                                 1529.211  │
│                                                                                                                      │
│  Message: Checkpoint saved at update 135                                                                             │
╰──────────────────────────────────────────────────────────────────────────────────────────────────────────────────────╯

[0;0H╭──────────────────────────────────────────────────────────────────────────────────────────────────────────────────────╮
│  🐡 PufferLib 2.0.0                          CPU: 5369.0%       GPU: 20.1%        DRAM: 8.5%            VRAM: 97.3%  │
│                                                                                                                      │
│  Summary                        Value    Evaluate              25m 31s    95%    Losses                       Value  │
│  Environment               beam_rider      Forward             19m 52s    74%    policy_loss                 -0.002  │
│  Agent Steps                     4.3m      Env                     42s     2%    value_loss                  10.736  │
│  SPS                             2.9k      Misc                 4m 21s    16%    entropy                      1.138  │
│  Epoch                            139    Train                  1m 14s     4%    old_approx_kl                0.034  │
│  Uptime                       26m 47s      Forward                 16s     1%    approx_kl                    0.033  │
│  Remaining                    28m 51s      Learn                   44s     2%    clipfrac                     0.053  │
│                                            Misc                    13s     0%    explained_variance           0.960  │
│                                                                                                                      │
│  User Stats                                        Value    User Stats                                        Value  │
│  episode_return                                 1116.364    episode_length                                 1413.773  │
│                                                                                                                      │
│  Message: Checkpoint saved at update 138                                                                             │
╰──────────────────────────────────────────────────────────────────────────────────────────────────────────────────────╯

[0;0H╭──────────────────────────────────────────────────────────────────────────────────────────────────────────────────────╮
│  🐡 PufferLib 2.0.0                          CPU: 5384.5%       GPU: 20.1%        DRAM: 8.5%            VRAM: 97.3%  │
│                                                                                                                      │
│  Summary                        Value    Evaluate              25m 41s    95%    Losses                       Value  │
│  Environment               beam_rider      Forward              20m 0s    74%    policy_loss                 -0.003  │
│  Agent Steps                     4.3m      Env                     42s     2%    value_loss                  10.048  │
│  SPS                             2.9k      Misc                 4m 23s    16%    entropy                      1.235  │
│  Epoch                            140    Train                  1m 15s     4%    old_approx_kl                0.030  │
│  Uptime                       26m 57s      Forward                 16s     1%    approx_kl                    0.029  │
│  Remaining                    28m 29s      Learn                   44s     2%    clipfrac                     0.043  │
│                                            Misc                    13s     0%    explained_variance           0.962  │
│                                                                                                                      │
│  User Stats                                        Value    User Stats                                        Value  │
│  episode_return                                 1248.400    episode_length                                 1487.100  │
│                                                                                                                      │
│  Message: Checkpoint saved at update 138                                                                             │
╰──────────────────────────────────────────────────────────────────────────────────────────────────────────────────────╯

[0;0H╭──────────────────────────────────────────────────────────────────────────────────────────────────────────────────────╮
│  🐡 PufferLib 2.0.0                          CPU: 5384.5%       GPU: 19.5%        DRAM: 8.5%            VRAM: 97.3%  │
│                                                                                                                      │
│  Summary                        Value    Evaluate              25m 51s    95%    Losses                       Value  │
│  Environment               beam_rider      Forward              20m 7s    74%    policy_loss                 -0.001  │
│  Agent Steps                     4.3m      Env                     43s     2%    value_loss                  10.646  │
│  SPS                             2.9k      Misc                 4m 24s    16%    entropy                      1.203  │
│  Epoch                            141    Train                  1m 15s     4%    old_approx_kl                0.036  │
│  Uptime                        27m 8s      Forward                 16s     1%    approx_kl                    0.035  │
│  Remaining                    28m 20s      Learn                   44s     2%    clipfrac                     0.052  │
│                                            Misc                    14s     0%    explained_variance           0.956  │
│                                                                                                                      │
│  User Stats                                        Value    User Stats                                        Value  │
│  episode_return                                 1192.000    episode_length                                 1439.227  │
│                                                                                                                      │
│  Message: Checkpoint saved at update 138                                                                             │
╰──────────────────────────────────────────────────────────────────────────────────────────────────────────────────────╯

[0;0H╭──────────────────────────────────────────────────────────────────────────────────────────────────────────────────────╮
│  🐡 PufferLib 2.0.0                          CPU: 5369.5%       GPU: 19.5%        DRAM: 8.5%            VRAM: 97.3%  │
│                                                                                                                      │
│  Summary                        Value    Evaluate               26m 1s    95%    Losses                       Value  │
│  Environment               beam_rider      Forward             20m 15s    74%    policy_loss                 -0.003  │
│  Agent Steps                     4.4m      Env                     43s     2%    value_loss                  10.145  │
│  SPS                             2.9k      Misc                 4m 26s    16%    entropy                      1.215  │
│  Epoch                            142    Train                  1m 16s     4%    old_approx_kl                0.030  │
│  Uptime                       27m 19s      Forward                 16s     1%    approx_kl                    0.030  │
│  Remaining                     28m 8s      Learn                   45s     2%    clipfrac                     0.044  │
│                                            Misc                    14s     0%    explained_variance           0.961  │
│                                                                                                                      │
│  User Stats                                        Value    User Stats                                        Value  │
│  episode_return                                 1211.429    episode_length                                 1441.667  │
│                                                                                                                      │
│  Message: Checkpoint saved at update 141                                                                             │
╰──────────────────────────────────────────────────────────────────────────────────────────────────────────────────────╯

[0;0H╭──────────────────────────────────────────────────────────────────────────────────────────────────────────────────────╮
│  🐡 PufferLib 2.0.0                          CPU: 5391.0%       GPU: 19.8%        DRAM: 8.5%            VRAM: 97.3%  │
│                                                                                                                      │
│  Summary                        Value    Evaluate              26m 11s    95%    Losses                       Value  │
│  Environment               beam_rider      Forward             20m 23s    74%    policy_loss                 -0.001  │
│  Agent Steps                     4.4m      Env                     43s     2%    value_loss                   9.579  │
│  SPS                             2.9k      Misc                 4m 28s    16%    entropy                      1.206  │
│  Epoch                            143    Train                  1m 16s     4%    old_approx_kl                0.035  │
│  Uptime                       27m 29s      Forward                 16s     1%    approx_kl                    0.036  │
│  Remaining                    27m 46s      Learn                   45s     2%    clipfrac                     0.053  │
│                                            Misc                    14s     0%    explained_variance           0.964  │
│                                                                                                                      │
│  User Stats                                        Value    User Stats                                        Value  │
│  episode_return                                 1201.524    episode_length                                 1489.333  │
│                                                                                                                      │
│  Message: Checkpoint saved at update 141                                                                             │
╰──────────────────────────────────────────────────────────────────────────────────────────────────────────────────────╯

[0;0H╭──────────────────────────────────────────────────────────────────────────────────────────────────────────────────────╮
│  🐡 PufferLib 2.0.0                          CPU: 5393.5%       GPU: 20.0%        DRAM: 8.5%            VRAM: 97.3%  │
│                                                                                                                      │
│  Summary                        Value    Evaluate              26m 22s    95%    Losses                       Value  │
│  Environment               beam_rider      Forward             20m 31s    74%    policy_loss                  0.000  │
│  Agent Steps                     4.4m      Env                     44s     2%    value_loss                  10.295  │
│  SPS                             2.9k      Misc                 4m 30s    16%    entropy                      1.225  │
│  Epoch                            144    Train                  1m 17s     4%    old_approx_kl                0.034  │
│  Uptime                       27m 40s      Forward                 16s     1%    approx_kl                    0.033  │
│  Remaining                    27m 45s      Learn                   45s     2%    clipfrac                     0.050  │
│                                            Misc                    14s     0%    explained_variance           0.959  │
│                                                                                                                      │
│  User Stats                                        Value    User Stats                                        Value  │
│  episode_return                                 1105.333    episode_length                                 1437.833  │
│                                                                                                                      │
│  Message: Checkpoint saved at update 141                                                                             │
╰──────────────────────────────────────────────────────────────────────────────────────────────────────────────────────╯

[0;0H╭──────────────────────────────────────────────────────────────────────────────────────────────────────────────────────╮
│  🐡 PufferLib 2.0.0                          CPU: 5375.0%       GPU: 20.0%        DRAM: 8.5%            VRAM: 97.3%  │
│                                                                                                                      │
│  Summary                        Value    Evaluate              26m 32s    95%    Losses                       Value  │
│  Environment               beam_rider      Forward             20m 39s    74%    policy_loss                 -0.002  │
│  Agent Steps                     4.5m      Env                     44s     2%    value_loss                   9.680  │
│  SPS                             2.9k      Misc                 4m 31s    16%    entropy                      1.186  │
│  Epoch                            145    Train                  1m 17s     4%    old_approx_kl                0.038  │
│  Uptime                       27m 51s      Forward                 17s     1%    approx_kl                    0.040  │
│  Remaining                    27m 46s      Learn                   46s     2%    clipfrac                     0.060  │
│                                            Misc                    14s     0%    explained_variance           0.964  │
│                                                                                                                      │
│  User Stats                                        Value    User Stats                                        Value  │
│  episode_return                                 1221.143    episode_length                                 1563.286  │
│                                                                                                                      │
│  Message: Checkpoint saved at update 144                                                                             │
╰──────────────────────────────────────────────────────────────────────────────────────────────────────────────────────╯

[0;0H╭──────────────────────────────────────────────────────────────────────────────────────────────────────────────────────╮
│  🐡 PufferLib 2.0.0                          CPU: 5386.0%       GPU: 20.2%        DRAM: 8.5%            VRAM: 97.3%  │
│                                                                                                                      │
│  Summary                        Value    Evaluate              26m 42s    95%    Losses                       Value  │
│  Environment               beam_rider      Forward             20m 47s    74%    policy_loss                 -0.002  │
│  Agent Steps                     4.5m      Env                     44s     2%    value_loss                   9.106  │
│  SPS                             2.9k      Misc                 4m 33s    16%    entropy                      1.199  │
│  Epoch                            146    Train                  1m 18s     4%    old_approx_kl                0.031  │
│  Uptime                        28m 1s      Forward                 17s     1%    approx_kl                    0.033  │
│  Remaining                    27m 22s      Learn                   46s     2%    clipfrac                     0.051  │
│                                            Misc                    14s     0%    explained_variance           0.967  │
│                                                                                                                      │
│  User Stats                                        Value    User Stats                                        Value  │
│  episode_return                                 1182.095    episode_length                                 1474.476  │
│                                                                                                                      │
│  Message: Checkpoint saved at update 144                                                                             │
╰──────────────────────────────────────────────────────────────────────────────────────────────────────────────────────╯

[0;0H╭──────────────────────────────────────────────────────────────────────────────────────────────────────────────────────╮
│  🐡 PufferLib 2.0.0                          CPU: 5385.5%       GPU: 18.2%        DRAM: 8.5%            VRAM: 97.3%  │
│                                                                                                                      │
│  Summary                        Value    Evaluate              26m 52s    95%    Losses                       Value  │
│  Environment               beam_rider      Forward             20m 54s    74%    policy_loss                 -0.004  │
│  Agent Steps                     4.5m      Env                     44s     2%    value_loss                  10.116  │
│  SPS                             2.9k      Misc                 4m 35s    16%    entropy                      1.166  │
│  Epoch                            147    Train                  1m 18s     4%    old_approx_kl                0.030  │
│  Uptime                       28m 12s      Forward                 17s     1%    approx_kl                    0.031  │
│  Remaining                    27m 11s      Learn                   46s     2%    clipfrac                     0.048  │
│                                            Misc                    14s     0%    explained_variance           0.963  │
│                                                                                                                      │
│  User Stats                                        Value    User Stats                                        Value  │
│  episode_return                                 1195.059    episode_length                                 1457.765  │
│                                                                                                                      │
│  Message: Checkpoint saved at update 144                                                                             │
╰──────────────────────────────────────────────────────────────────────────────────────────────────────────────────────╯

[0;0H╭──────────────────────────────────────────────────────────────────────────────────────────────────────────────────────╮
│  🐡 PufferLib 2.0.0                          CPU: 5372.5%       GPU: 18.2%        DRAM: 8.5%            VRAM: 97.3%  │
│                                                                                                                      │
│  Summary                        Value    Evaluate               27m 2s    95%    Losses                       Value  │
│  Environment               beam_rider      Forward              21m 2s    74%    policy_loss                 -0.004  │
│  Agent Steps                     4.5m      Env                     45s     2%    value_loss                  10.552  │
│  SPS                             2.9k      Misc                 4m 37s    16%    entropy                      1.163  │
│  Epoch                            148    Train                  1m 19s     4%    old_approx_kl                0.031  │
│  Uptime                       28m 23s      Forward                 17s     1%    approx_kl                    0.032  │
│  Remaining                    27m 15s      Learn                   46s     2%    clipfrac                     0.045  │
│                                            Misc                    14s     0%    explained_variance           0.965  │
│                                                                                                                      │
│  User Stats                                        Value    User Stats                                        Value  │
│  episode_return                                 1321.043    episode_length                                 1586.130  │
│                                                                                                                      │
│  Message: Checkpoint saved at update 147                                                                             │
╰──────────────────────────────────────────────────────────────────────────────────────────────────────────────────────╯

[0;0H╭──────────────────────────────────────────────────────────────────────────────────────────────────────────────────────╮
│  🐡 PufferLib 2.0.0                          CPU: 5385.0%       GPU: 20.1%        DRAM: 8.5%            VRAM: 97.3%  │
│                                                                                                                      │
│  Summary                        Value    Evaluate              27m 13s    95%    Losses                       Value  │
│  Environment               beam_rider      Forward             21m 10s    74%    policy_loss                 -0.003  │
│  Agent Steps                     4.6m      Env                     45s     2%    value_loss                   9.525  │
│  SPS                             2.9k      Misc                 4m 39s    16%    entropy                      1.212  │
│  Epoch                            149    Train                  1m 19s     4%    old_approx_kl                0.037  │
│  Uptime                       28m 34s      Forward                 17s     1%    approx_kl                    0.037  │
│  Remaining                    26m 51s      Learn                   47s     2%    clipfrac                     0.054  │
│                                            Misc                    14s     0%    explained_variance           0.967  │
│                                                                                                                      │
│  User Stats                                        Value    User Stats                                        Value  │
│  episode_return                                 1230.250    episode_length                                 1538.000  │
│                                                                                                                      │
│  Message: Checkpoint saved at update 147                                                                             │
╰──────────────────────────────────────────────────────────────────────────────────────────────────────────────────────╯

[0;0H╭──────────────────────────────────────────────────────────────────────────────────────────────────────────────────────╮
│  🐡 PufferLib 2.0.0                          CPU: 5384.5%       GPU: 20.1%        DRAM: 8.5%            VRAM: 97.3%  │
│                                                                                                                      │
│  Summary                        Value    Evaluate              27m 23s    95%    Losses                       Value  │
│  Environment               beam_rider      Forward             21m 18s    74%    policy_loss                 -0.002  │
│  Agent Steps                     4.6m      Env                     45s     2%    value_loss                   9.032  │
│  SPS                             2.9k      Misc                 4m 40s    16%    entropy                      1.209  │
│  Epoch                            150    Train                  1m 20s     4%    old_approx_kl                0.032  │
│  Uptime                       28m 44s      Forward                 17s     1%    approx_kl                    0.032  │
│  Remaining                    26m 35s      Learn                   47s     2%    clipfrac                     0.051  │
│                                            Misc                    14s     0%    explained_variance           0.969  │
│                                                                                                                      │
│  User Stats                                        Value    User Stats                                        Value  │
│  episode_return                                 1290.909    episode_length                                 1639.000  │
│                                                                                                                      │
│  Message: Checkpoint saved at update 147                                                                             │
╰──────────────────────────────────────────────────────────────────────────────────────────────────────────────────────╯

[0;0H╭──────────────────────────────────────────────────────────────────────────────────────────────────────────────────────╮
│  🐡 PufferLib 2.0.0                          CPU: 5372.0%       GPU: 20.1%        DRAM: 8.5%            VRAM: 97.3%  │
│                                                                                                                      │
│  Summary                        Value    Evaluate              27m 33s    95%    Losses                       Value  │
│  Environment               beam_rider      Forward             21m 26s    74%    policy_loss                 -0.004  │
│  Agent Steps                     4.6m      Env                     46s     2%    value_loss                   9.696  │
│  SPS                             2.9k      Misc                 4m 42s    16%    entropy                      1.197  │
│  Epoch                            151    Train                  1m 20s     4%    old_approx_kl                0.033  │
│  Uptime                       28m 55s      Forward                 17s     1%    approx_kl                    0.032  │
│  Remaining                    26m 22s      Learn                   47s     2%    clipfrac                     0.050  │
│                                            Misc                    15s     0%    explained_variance           0.966  │
│                                                                                                                      │
│  User Stats                                        Value    User Stats                                        Value  │
│  episode_return                                 1188.000    episode_length                                 1525.870  │
│                                                                                                                      │
│  Message: Checkpoint saved at update 150                                                                             │
╰──────────────────────────────────────────────────────────────────────────────────────────────────────────────────────╯

[0;0H╭──────────────────────────────────────────────────────────────────────────────────────────────────────────────────────╮
│  🐡 PufferLib 2.0.0                          CPU: 5384.0%       GPU: 20.1%        DRAM: 8.5%            VRAM: 97.3%  │
│                                                                                                                      │
│  Summary                        Value    Evaluate              27m 43s    95%    Losses                       Value  │
│  Environment               beam_rider      Forward             21m 34s    74%    policy_loss                 -0.001  │
│  Agent Steps                     4.7m      Env                     46s     2%    value_loss                   9.056  │
│  SPS                             2.9k      Misc                 4m 44s    16%    entropy                      1.159  │
│  Epoch                            152    Train                  1m 21s     4%    old_approx_kl                0.034  │
│  Uptime                        29m 5s      Forward                 17s     1%    approx_kl                    0.031  │
│  Remaining                    25m 59s      Learn                   48s     2%    clipfrac                     0.046  │
│                                            Misc                    15s     0%    explained_variance           0.970  │
│                                                                                                                      │
│  User Stats                                        Value    User Stats                                        Value  │
│  episode_return                                 1179.238    episode_length                                 1479.952  │
│                                                                                                                      │
│  Message: Checkpoint saved at update 150                                                                             │
╰──────────────────────────────────────────────────────────────────────────────────────────────────────────────────────╯

[0;0H╭──────────────────────────────────────────────────────────────────────────────────────────────────────────────────────╮
│  🐡 PufferLib 2.0.0                          CPU: 5385.0%       GPU: 18.0%        DRAM: 8.5%            VRAM: 97.3%  │
│                                                                                                                      │
│  Summary                        Value    Evaluate              27m 53s    95%    Losses                       Value  │
│  Environment               beam_rider      Forward             21m 41s    74%    policy_loss                 -0.003  │
│  Agent Steps                     4.7m      Env                     46s     2%    value_loss                   8.714  │
│  SPS                             2.9k      Misc                 4m 46s    16%    entropy                      1.201  │
│  Epoch                            153    Train                  1m 21s     4%    old_approx_kl                0.036  │
│  Uptime                       29m 16s      Forward                 17s     1%    approx_kl                    0.034  │
│  Remaining                    25m 58s      Learn                   48s     2%    clipfrac                     0.057  │
│                                            Misc                    15s     0%    explained_variance           0.970  │
│                                                                                                                      │
│  User Stats                                        Value    User Stats                                        Value  │
│  episode_return                                 1134.095    episode_length                                 1443.476  │
│                                                                                                                      │
│  Message: Checkpoint saved at update 150                                                                             │
╰──────────────────────────────────────────────────────────────────────────────────────────────────────────────────────╯

[0;0H╭──────────────────────────────────────────────────────────────────────────────────────────────────────────────────────╮
│  🐡 PufferLib 2.0.0                          CPU: 5372.0%       GPU: 19.0%        DRAM: 8.5%            VRAM: 97.3%  │
│                                                                                                                      │
│  Summary                        Value    Evaluate               28m 4s    95%    Losses                       Value  │
│  Environment               beam_rider      Forward             21m 50s    74%    policy_loss                 -0.003  │
│  Agent Steps                     4.7m      Env                     47s     2%    value_loss                   8.965  │
│  SPS                             2.6k      Misc                 4m 48s    16%    entropy                      1.173  │
│  Epoch                            154    Train                  1m 22s     4%    old_approx_kl                0.033  │
│  Uptime                       29m 28s      Forward                 18s     1%    approx_kl                    0.032  │
│  Remaining                     29m 9s      Learn                   48s     2%    clipfrac                     0.049  │
│                                            Misc                    15s     0%    explained_variance           0.970  │
│                                                                                                                      │
│  User Stats                                        Value    User Stats                                        Value  │
│  episode_return                                 1086.353    episode_length                                 1405.471  │
│                                                                                                                      │
│  Message: Checkpoint saved at update 153                                                                             │
╰──────────────────────────────────────────────────────────────────────────────────────────────────────────────────────╯

[0;0H╭──────────────────────────────────────────────────────────────────────────────────────────────────────────────────────╮
│  🐡 PufferLib 2.0.0                          CPU: 5370.5%       GPU: 17.6%        DRAM: 8.5%            VRAM: 97.3%  │
│                                                                                                                      │
│  Summary                        Value    Evaluate              28m 15s    95%    Losses                       Value  │
│  Environment               beam_rider      Forward             21m 58s    74%    policy_loss                 -0.003  │
│  Agent Steps                     4.8m      Env                     47s     2%    value_loss                   8.847  │
│  SPS                             2.8k      Misc                 4m 49s    16%    entropy                      1.163  │
│  Epoch                            155    Train                  1m 22s     4%    old_approx_kl                0.037  │
│  Uptime                       29m 39s      Forward                 18s     1%    approx_kl                    0.037  │
│  Remaining                    26m 36s      Learn                   49s     2%    clipfrac                     0.052  │
│                                            Misc                    15s     0%    explained_variance           0.972  │
│                                                                                                                      │
│  User Stats                                        Value    User Stats                                        Value  │
│  episode_return                                 1254.880    episode_length                                 1523.400  │
│                                                                                                                      │
│  Message: Checkpoint saved at update 153                                                                             │
╰──────────────────────────────────────────────────────────────────────────────────────────────────────────────────────╯

[0;0H╭──────────────────────────────────────────────────────────────────────────────────────────────────────────────────────╮
│  🐡 PufferLib 2.0.0                          CPU: 5387.0%       GPU: 21.4%        DRAM: 8.5%            VRAM: 97.3%  │
│                                                                                                                      │
│  Summary                        Value    Evaluate              28m 25s    95%    Losses                       Value  │
│  Environment               beam_rider      Forward              22m 7s    74%    policy_loss                 -0.002  │
│  Agent Steps                     4.8m      Env                     47s     2%    value_loss                   8.950  │
│  SPS                             2.8k      Misc                 4m 51s    16%    entropy                      1.190  │
│  Epoch                            156    Train                  1m 23s     4%    old_approx_kl                0.032  │
│  Uptime                       29m 50s      Forward                 18s     1%    approx_kl                    0.033  │
│  Remaining                    26m 43s      Learn                   49s     2%    clipfrac                     0.048  │
│                                            Misc                    15s     0%    explained_variance           0.969  │
│                                                                                                                      │
│  User Stats                                        Value    User Stats                                        Value  │
│  episode_return                                 1354.750    episode_length                                 1564.375  │
│                                                                                                                      │
│  Message: Checkpoint saved at update 153                                                                             │
╰──────────────────────────────────────────────────────────────────────────────────────────────────────────────────────╯

[0;0H╭──────────────────────────────────────────────────────────────────────────────────────────────────────────────────────╮
│  🐡 PufferLib 2.0.0                          CPU: 5370.0%       GPU: 19.2%        DRAM: 8.5%            VRAM: 97.3%  │
│                                                                                                                      │
│  Summary                        Value    Evaluate              28m 36s    95%    Losses                       Value  │
│  Environment               beam_rider      Forward             22m 15s    74%    policy_loss                 -0.002  │
│  Agent Steps                     4.8m      Env                     47s     2%    value_loss                   9.101  │
│  SPS                             2.7k      Misc                 4m 53s    16%    entropy                      1.166  │
│  Epoch                            157    Train                  1m 23s     4%    old_approx_kl                0.034  │
│  Uptime                        30m 1s      Forward                 18s     1%    approx_kl                    0.034  │
│  Remaining                    27m 11s      Learn                   49s     2%    clipfrac                     0.053  │
│                                            Misc                    15s     0%    explained_variance           0.972  │
│                                                                                                                      │
│  User Stats                                        Value    User Stats                                        Value  │
│  episode_return                                 1300.952    episode_length                                 1499.905  │
│                                                                                                                      │
│  Message: Checkpoint saved at update 156                                                                             │
╰──────────────────────────────────────────────────────────────────────────────────────────────────────────────────────╯

[0;0H╭──────────────────────────────────────────────────────────────────────────────────────────────────────────────────────╮
│  🐡 PufferLib 2.0.0                          CPU: 5379.0%       GPU: 16.2%        DRAM: 8.5%            VRAM: 97.3%  │
│                                                                                                                      │
│  Summary                        Value    Evaluate              28m 48s    95%    Losses                       Value  │
│  Environment               beam_rider      Forward             22m 24s    74%    policy_loss                 -0.000  │
│  Agent Steps                     4.9m      Env                     48s     2%    value_loss                   8.857  │
│  SPS                             2.5k      Misc                 4m 55s    16%    entropy                      1.196  │
│  Epoch                            158    Train                  1m 24s     4%    old_approx_kl                0.041  │
│  Uptime                       30m 14s      Forward                 18s     1%    approx_kl                    0.040  │
│  Remaining                     29m 3s      Learn                   50s     2%    clipfrac                     0.059  │
│                                            Misc                    15s     0%    explained_variance           0.973  │
│                                                                                                                      │
│  User Stats                                        Value    User Stats                                        Value  │
│  episode_return                                 1268.211    episode_length                                 1492.158  │
│                                                                                                                      │
│  Message: Checkpoint saved at update 156                                                                             │
╰──────────────────────────────────────────────────────────────────────────────────────────────────────────────────────╯

[0;0H╭──────────────────────────────────────────────────────────────────────────────────────────────────────────────────────╮
│  🐡 PufferLib 2.0.0                          CPU: 5366.5%       GPU: 16.7%        DRAM: 8.5%            VRAM: 97.3%  │
│                                                                                                                      │
│  Summary                        Value    Evaluate               29m 0s    95%    Losses                       Value  │
│  Environment               beam_rider      Forward             22m 34s    74%    policy_loss                  0.000  │
│  Agent Steps                     4.9m      Env                     48s     2%    value_loss                   9.164  │
│  SPS                             2.4k      Misc                 4m 57s    16%    entropy                      1.205  │
│  Epoch                            159    Train                  1m 24s     4%    old_approx_kl                0.041  │
│  Uptime                       30m 26s      Forward                 18s     1%    approx_kl                    0.041  │
│  Remaining                    29m 29s      Learn                   50s     2%    clipfrac                     0.063  │
│                                            Misc                    15s     0%    explained_variance           0.971  │
│                                                                                                                      │
│  User Stats                                        Value    User Stats                                        Value  │
│  episode_return                                 1186.286    episode_length                                 1466.810  │
│                                                                                                                      │
│  Message: Checkpoint saved at update 156                                                                             │
╰──────────────────────────────────────────────────────────────────────────────────────────────────────────────────────╯

[0;0H╭──────────────────────────────────────────────────────────────────────────────────────────────────────────────────────╮
│  🐡 PufferLib 2.0.0                          CPU: 5352.0%       GPU: 17.0%        DRAM: 8.5%            VRAM: 97.3%  │
│                                                                                                                      │
│  Summary                        Value    Evaluate              29m 12s    95%    Losses                       Value  │
│  Environment               beam_rider      Forward             22m 43s    74%    policy_loss                 -0.001  │
│  Agent Steps                     4.9m      Env                     48s     2%    value_loss                   9.264  │
│  SPS                             2.5k      Misc                 4m 59s    16%    entropy                      1.177  │
│  Epoch                            160    Train                  1m 25s     4%    old_approx_kl                0.039  │
│  Uptime                       30m 39s      Forward                 18s     1%    approx_kl                    0.039  │
│  Remaining                    28m 32s      Learn                   50s     2%    clipfrac                     0.060  │
│                                            Misc                    15s     0%    explained_variance           0.972  │
│                                                                                                                      │
│  User Stats                                        Value    User Stats                                        Value  │
│  episode_return                                 1312.000    episode_length                                 1571.409  │
│                                                                                                                      │
│  Message: Checkpoint saved at update 159                                                                             │
╰──────────────────────────────────────────────────────────────────────────────────────────────────────────────────────╯

[0;0H╭──────────────────────────────────────────────────────────────────────────────────────────────────────────────────────╮
│  🐡 PufferLib 2.0.0                          CPU: 5371.5%       GPU: 15.8%        DRAM: 8.5%            VRAM: 97.3%  │
│                                                                                                                      │
│  Summary                        Value    Evaluate              29m 23s    95%    Losses                       Value  │
│  Environment               beam_rider      Forward             22m 52s    74%    policy_loss                 -0.004  │
│  Agent Steps                     4.9m      Env                     49s     2%    value_loss                   9.085  │
│  SPS                             2.5k      Misc                  5m 1s    16%    entropy                      1.207  │
│  Epoch                            161    Train                  1m 26s     4%    old_approx_kl                0.031  │
│  Uptime                       30m 51s      Forward                 18s     1%    approx_kl                    0.032  │
│  Remaining                    28m 37s      Learn                   51s     2%    clipfrac                     0.048  │
│                                            Misc                    16s     0%    explained_variance           0.973  │
│                                                                                                                      │
│  User Stats                                        Value    User Stats                                        Value  │
│  episode_return                                 1276.842    episode_length                                 1503.632  │
│                                                                                                                      │
│  Message: Checkpoint saved at update 159                                                                             │
╰──────────────────────────────────────────────────────────────────────────────────────────────────────────────────────╯

[0;0H╭──────────────────────────────────────────────────────────────────────────────────────────────────────────────────────╮
│  🐡 PufferLib 2.0.0                          CPU: 5366.5%       GPU: 19.4%        DRAM: 8.5%            VRAM: 97.3%  │
│                                                                                                                      │
│  Summary                        Value    Evaluate              29m 35s    95%    Losses                       Value  │
│  Environment               beam_rider      Forward              23m 1s    74%    policy_loss                 -0.003  │
│  Agent Steps                     5.0m      Env                     49s     2%    value_loss                   9.480  │
│  SPS                             2.5k      Misc                  5m 3s    16%    entropy                      1.211  │
│  Epoch                            162    Train                  1m 26s     4%    old_approx_kl                0.033  │
│  Uptime                        31m 3s      Forward                 18s     1%    approx_kl                    0.032  │
│  Remaining                    28m 19s      Learn                   51s     2%    clipfrac                     0.049  │
│                                            Misc                    16s     0%    explained_variance           0.973  │
│                                                                                                                      │
│  User Stats                                        Value    User Stats                                        Value  │
│  episode_return                                 1188.632    episode_length                                 1470.421  │
│                                                                                                                      │
│  Message: Checkpoint saved at update 159                                                                             │
╰──────────────────────────────────────────────────────────────────────────────────────────────────────────────────────╯

[0;0H╭──────────────────────────────────────────────────────────────────────────────────────────────────────────────────────╮
│  🐡 PufferLib 2.0.0                          CPU: 5367.0%       GPU: 19.1%        DRAM: 8.5%            VRAM: 97.3%  │
│                                                                                                                      │
│  Summary                        Value    Evaluate              29m 46s    95%    Losses                       Value  │
│  Environment               beam_rider      Forward             23m 10s    74%    policy_loss                  0.000  │
│  Agent Steps                     5.0m      Env                     49s     2%    value_loss                  10.238  │
│  SPS                             2.7k      Misc                  5m 5s    16%    entropy                      1.178  │
│  Epoch                            163    Train                  1m 27s     4%    old_approx_kl                0.041  │
│  Uptime                       31m 14s      Forward                 19s     1%    approx_kl                    0.043  │
│  Remaining                    25m 35s      Learn                   51s     2%    clipfrac                     0.064  │
│                                            Misc                    16s     0%    explained_variance           0.970  │
│                                                                                                                      │
│  User Stats                                        Value    User Stats                                        Value  │
│  episode_return                                 1163.520    episode_length                                 1456.880  │
│                                                                                                                      │
│  Message: Checkpoint saved at update 162                                                                             │
╰──────────────────────────────────────────────────────────────────────────────────────────────────────────────────────╯

[0;0H╭──────────────────────────────────────────────────────────────────────────────────────────────────────────────────────╮
│  🐡 PufferLib 2.0.0                          CPU: 5376.5%       GPU: 17.7%        DRAM: 8.5%            VRAM: 97.3%  │
│                                                                                                                      │
│  Summary                        Value    Evaluate              29m 57s    95%    Losses                       Value  │
│  Environment               beam_rider      Forward             23m 18s    74%    policy_loss                 -0.001  │
│  Agent Steps                     5.0m      Env                     50s     2%    value_loss                   9.413  │
│  SPS                             2.7k      Misc                  5m 7s    16%    entropy                      1.194  │
│  Epoch                            164    Train                  1m 27s     4%    old_approx_kl                0.037  │
│  Uptime                       31m 26s      Forward                 19s     1%    approx_kl                    0.034  │
│  Remaining                    25m 45s      Learn                   52s     2%    clipfrac                     0.051  │
│                                            Misc                    16s     0%    explained_variance           0.975  │
│                                                                                                                      │
│  User Stats                                        Value    User Stats                                        Value  │
│  episode_return                                 1231.800    episode_length                                 1511.600  │
│                                                                                                                      │
│  Message: Checkpoint saved at update 162                                                                             │
╰──────────────────────────────────────────────────────────────────────────────────────────────────────────────────────╯

[0;0H╭──────────────────────────────────────────────────────────────────────────────────────────────────────────────────────╮
│  🐡 PufferLib 2.0.0                          CPU: 5369.0%       GPU: 16.4%        DRAM: 8.5%            VRAM: 97.3%  │
│                                                                                                                      │
│  Summary                        Value    Evaluate               30m 8s    95%    Losses                       Value  │
│  Environment               beam_rider      Forward             23m 27s    74%    policy_loss                 -0.001  │
│  Agent Steps                     5.1m      Env                     50s     2%    value_loss                  10.207  │
│  SPS                             2.5k      Misc                  5m 8s    16%    entropy                      1.219  │
│  Epoch                            165    Train                  1m 28s     4%    old_approx_kl                0.038  │
│  Uptime                       31m 38s      Forward                 19s     1%    approx_kl                    0.037  │
│  Remaining                     27m 8s      Learn                   52s     2%    clipfrac                     0.055  │
│                                            Misc                    16s     0%    explained_variance           0.970  │
│                                                                                                                      │
│  User Stats                                        Value    User Stats                                        Value  │
│  episode_return                                 1308.000    episode_length                                 1637.143  │
│                                                                                                                      │
│  Message: Checkpoint saved at update 162                                                                             │
╰──────────────────────────────────────────────────────────────────────────────────────────────────────────────────────╯

[0;0H╭──────────────────────────────────────────────────────────────────────────────────────────────────────────────────────╮
│  🐡 PufferLib 2.0.0                          CPU: 5355.0%       GPU: 15.3%        DRAM: 8.5%            VRAM: 97.3%  │
│                                                                                                                      │
│  Summary                        Value    Evaluate              30m 20s    95%    Losses                       Value  │
│  Environment               beam_rider      Forward             23m 36s    74%    policy_loss                 -0.002  │
│  Agent Steps                     5.1m      Env                     50s     2%    value_loss                  10.252  │
│  SPS                             2.5k      Misc                 5m 10s    16%    entropy                      1.257  │
│  Epoch                            166    Train                  1m 28s     4%    old_approx_kl                0.036  │
│  Uptime                       31m 50s      Forward                 19s     1%    approx_kl                    0.036  │
│  Remaining                    27m 17s      Learn                   52s     2%    clipfrac                     0.055  │
│                                            Misc                    16s     0%    explained_variance           0.972  │
│                                                                                                                      │
│  User Stats                                        Value    User Stats                                        Value  │
│  episode_return                                 1195.360    episode_length                                 1463.920  │
│                                                                                                                      │
│  Message: Checkpoint saved at update 165                                                                             │
╰──────────────────────────────────────────────────────────────────────────────────────────────────────────────────────╯

[0;0H╭──────────────────────────────────────────────────────────────────────────────────────────────────────────────────────╮
│  🐡 PufferLib 2.0.0                          CPU: 5376.0%       GPU: 18.1%        DRAM: 8.5%            VRAM: 97.3%  │
│                                                                                                                      │
│  Summary                        Value    Evaluate              30m 31s    95%    Losses                       Value  │
│  Environment               beam_rider      Forward             23m 45s    74%    policy_loss                 -0.003  │
│  Agent Steps                     5.1m      Env                     51s     2%    value_loss                  10.444  │
│  SPS                             2.5k      Misc                 5m 12s    16%    entropy                      1.191  │
│  Epoch                            167    Train                  1m 29s     4%    old_approx_kl                0.040  │
│  Uptime                        32m 2s      Forward                 19s     1%    approx_kl                    0.041  │
│  Remaining                    26m 52s      Learn                   53s     2%    clipfrac                     0.064  │
│                                            Misc                    16s     0%    explained_variance           0.970  │
│                                                                                                                      │
│  User Stats                                        Value    User Stats                                        Value  │
│  episode_return                                 1216.500    episode_length                                 1516.875  │
│                                                                                                                      │
│  Message: Checkpoint saved at update 165                                                                             │
╰──────────────────────────────────────────────────────────────────────────────────────────────────────────────────────╯

[0;0H╭──────────────────────────────────────────────────────────────────────────────────────────────────────────────────────╮
│  🐡 PufferLib 2.0.0                          CPU: 5366.5%       GPU: 19.9%        DRAM: 8.5%            VRAM: 97.3%  │
│                                                                                                                      │
│  Summary                        Value    Evaluate              30m 43s    95%    Losses                       Value  │
│  Environment               beam_rider      Forward             23m 54s    74%    policy_loss                 -0.000  │
│  Agent Steps                     5.2m      Env                     51s     2%    value_loss                  10.049  │
│  SPS                             2.5k      Misc                 5m 14s    16%    entropy                      1.234  │
│  Epoch                            168    Train                  1m 30s     4%    old_approx_kl                0.038  │
│  Uptime                       32m 14s      Forward                 19s     1%    approx_kl                    0.036  │
│  Remaining                    26m 38s      Learn                   53s     2%    clipfrac                     0.055  │
│                                            Misc                    16s     0%    explained_variance           0.972  │
│                                                                                                                      │
│  User Stats                                        Value    User Stats                                        Value  │
│  episode_return                                 1304.000    episode_length                                 1687.130  │
│                                                                                                                      │
│  Message: Checkpoint saved at update 165                                                                             │
╰──────────────────────────────────────────────────────────────────────────────────────────────────────────────────────╯

[0;0H╭──────────────────────────────────────────────────────────────────────────────────────────────────────────────────────╮
│  🐡 PufferLib 2.0.0                          CPU: 5362.0%       GPU: 19.1%        DRAM: 8.5%            VRAM: 97.3%  │
│                                                                                                                      │
│  Summary                        Value    Evaluate              30m 55s    95%    Losses                       Value  │
│  Environment               beam_rider      Forward              24m 4s    74%    policy_loss                 -0.000  │
│  Agent Steps                     5.2m      Env                     51s     2%    value_loss                   9.813  │
│  SPS                             2.5k      Misc                 5m 16s    16%    entropy                      1.238  │
│  Epoch                            169    Train                  1m 30s     4%    old_approx_kl                0.038  │
│  Uptime                       32m 26s      Forward                 19s     1%    approx_kl                    0.039  │
│  Remaining                    26m 38s      Learn                   53s     2%    clipfrac                     0.062  │
│                                            Misc                    16s     0%    explained_variance           0.972  │
│                                                                                                                      │
│  User Stats                                        Value    User Stats                                        Value  │
│  episode_return                                 1182.957    episode_length                                 1474.217  │
│                                                                                                                      │
│  Message: Checkpoint saved at update 168                                                                             │
╰──────────────────────────────────────────────────────────────────────────────────────────────────────────────────────╯

[0;0H╭──────────────────────────────────────────────────────────────────────────────────────────────────────────────────────╮
│  🐡 PufferLib 2.0.0                          CPU: 5377.5%       GPU: 17.0%        DRAM: 8.5%            VRAM: 97.3%  │
│                                                                                                                      │
│  Summary                        Value    Evaluate               31m 6s    95%    Losses                       Value  │
│  Environment               beam_rider      Forward             24m 13s    74%    policy_loss                 -0.002  │
│  Agent Steps                     5.2m      Env                     52s     2%    value_loss                  10.131  │
│  SPS                             2.5k      Misc                 5m 18s    16%    entropy                      1.256  │
│  Epoch                            170    Train                  1m 31s     4%    old_approx_kl                0.038  │
│  Uptime                       32m 39s      Forward                 19s     1%    approx_kl                    0.036  │
│  Remaining                    26m 22s      Learn                   53s     2%    clipfrac                     0.056  │
│                                            Misc                    16s     0%    explained_variance           0.972  │
│                                                                                                                      │
│  User Stats                                        Value    User Stats                                        Value  │
│  episode_return                                 1086.824    episode_length                                 1417.118  │
│                                                                                                                      │
│  Message: Checkpoint saved at update 168                                                                             │
╰──────────────────────────────────────────────────────────────────────────────────────────────────────────────────────╯

[0;0H╭──────────────────────────────────────────────────────────────────────────────────────────────────────────────────────╮
│  🐡 PufferLib 2.0.0                          CPU: 5377.5%       GPU: 15.9%        DRAM: 8.5%            VRAM: 97.3%  │
│                                                                                                                      │
│  Summary                        Value    Evaluate              31m 18s    95%    Losses                       Value  │
│  Environment               beam_rider      Forward             24m 22s    74%    policy_loss                 -0.002  │
│  Agent Steps                     5.3m      Env                     52s     2%    value_loss                  10.066  │
│  SPS                             2.5k      Misc                 5m 20s    16%    entropy                      1.233  │
│  Epoch                            171    Train                  1m 31s     4%    old_approx_kl                0.044  │
│  Uptime                       32m 51s      Forward                 20s     1%    approx_kl                    0.041  │
│  Remaining                    26m 11s      Learn                   54s     2%    clipfrac                     0.065  │
│                                            Misc                    17s     0%    explained_variance           0.971  │
│                                                                                                                      │
│  User Stats                                        Value    User Stats                                        Value  │
│  episode_return                                 1154.500    episode_length                                 1493.125  │
│                                                                                                                      │
│  Message: Checkpoint saved at update 168                                                                             │
╰──────────────────────────────────────────────────────────────────────────────────────────────────────────────────────╯

[0;0H╭──────────────────────────────────────────────────────────────────────────────────────────────────────────────────────╮
│  🐡 PufferLib 2.0.0                          CPU: 5363.0%       GPU: 16.0%        DRAM: 8.5%            VRAM: 97.3%  │
│                                                                                                                      │
│  Summary                        Value    Evaluate              31m 30s    95%    Losses                       Value  │
│  Environment               beam_rider      Forward             24m 31s    74%    policy_loss                 -0.000  │
│  Agent Steps                     5.3m      Env                     52s     2%    value_loss                  10.064  │
│  SPS                             2.5k      Misc                 5m 22s    16%    entropy                      1.176  │
│  Epoch                            172    Train                  1m 32s     4%    old_approx_kl                0.042  │
│  Uptime                        33m 3s      Forward                 20s     1%    approx_kl                    0.040  │
│  Remaining                     26m 9s      Learn                   54s     2%    clipfrac                     0.060  │
│                                            Misc                    17s     0%    explained_variance           0.973  │
│                                                                                                                      │
│  User Stats                                        Value    User Stats                                        Value  │
│  episode_return                                 1258.000    episode_length                                 1584.750  │
│                                                                                                                      │
│  Message: Checkpoint saved at update 171                                                                             │
╰──────────────────────────────────────────────────────────────────────────────────────────────────────────────────────╯

[0;0H╭──────────────────────────────────────────────────────────────────────────────────────────────────────────────────────╮
│  🐡 PufferLib 2.0.0                          CPU: 5377.5%       GPU: 20.1%        DRAM: 8.5%            VRAM: 97.3%  │
│                                                                                                                      │
│  Summary                        Value    Evaluate              31m 41s    95%    Losses                       Value  │
│  Environment               beam_rider      Forward             24m 40s    74%    policy_loss                 -0.002  │
│  Agent Steps                     5.3m      Env                     53s     2%    value_loss                  10.957  │
│  SPS                             2.5k      Misc                 5m 24s    16%    entropy                      1.230  │
│  Epoch                            173    Train                  1m 32s     4%    old_approx_kl                0.038  │
│  Uptime                       33m 15s      Forward                 20s     1%    approx_kl                    0.037  │
│  Remaining                    25m 54s      Learn                   54s     2%    clipfrac                     0.055  │
│                                            Misc                    17s     0%    explained_variance           0.970  │
│                                                                                                                      │
│  User Stats                                        Value    User Stats                                        Value  │
│  episode_return                                 1264.000    episode_length                                 1551.938  │
│                                                                                                                      │
│  Message: Checkpoint saved at update 171                                                                             │
╰──────────────────────────────────────────────────────────────────────────────────────────────────────────────────────╯

[0;0H╭──────────────────────────────────────────────────────────────────────────────────────────────────────────────────────╮
│  🐡 PufferLib 2.0.0                          CPU: 5376.0%       GPU: 20.1%        DRAM: 8.5%            VRAM: 97.3%  │
│                                                                                                                      │
│  Summary                        Value    Evaluate              31m 53s    95%    Losses                       Value  │
│  Environment               beam_rider      Forward             24m 49s    74%    policy_loss                 -0.001  │
│  Agent Steps                     5.3m      Env                     53s     2%    value_loss                  10.333  │
│  SPS                             2.5k      Misc                 5m 26s    16%    entropy                      1.236  │
│  Epoch                            174    Train                  1m 33s     4%    old_approx_kl                0.037  │
│  Uptime                       33m 28s      Forward                 20s     1%    approx_kl                    0.037  │
│  Remaining                    25m 39s      Learn                   55s     2%    clipfrac                     0.055  │
│                                            Misc                    17s     0%    explained_variance           0.971  │
│                                                                                                                      │
│  User Stats                                        Value    User Stats                                        Value  │
│  episode_return                                 1184.909    episode_length                                 1493.227  │
│                                                                                                                      │
│  Message: Checkpoint saved at update 171                                                                             │
╰──────────────────────────────────────────────────────────────────────────────────────────────────────────────────────╯

[0;0H╭──────────────────────────────────────────────────────────────────────────────────────────────────────────────────────╮
│  🐡 PufferLib 2.0.0                          CPU: 5361.0%       GPU: 17.9%        DRAM: 8.5%            VRAM: 97.3%  │
│                                                                                                                      │
│  Summary                        Value    Evaluate               32m 5s    95%    Losses                       Value  │
│  Environment               beam_rider      Forward             24m 58s    74%    policy_loss                 -0.001  │
│  Agent Steps                     5.4m      Env                     53s     2%    value_loss                  10.716  │
│  SPS                             2.5k      Misc                 5m 28s    16%    entropy                      1.201  │
│  Epoch                            175    Train                  1m 33s     4%    old_approx_kl                0.043  │
│  Uptime                       33m 40s      Forward                 20s     1%    approx_kl                    0.039  │
│  Remaining                    25m 32s      Learn                   55s     2%    clipfrac                     0.064  │
│                                            Misc                    17s     0%    explained_variance           0.972  │
│                                                                                                                      │
│  User Stats                                        Value    User Stats                                        Value  │
│  episode_return                                 1254.833    episode_length                                 1562.125  │
│                                                                                                                      │
│  Message: Checkpoint saved at update 174                                                                             │
╰──────────────────────────────────────────────────────────────────────────────────────────────────────────────────────╯

[0;0H╭──────────────────────────────────────────────────────────────────────────────────────────────────────────────────────╮
│  🐡 PufferLib 2.0.0                          CPU: 5377.5%       GPU: 15.8%        DRAM: 8.5%            VRAM: 97.3%  │
│                                                                                                                      │
│  Summary                        Value    Evaluate              32m 16s    95%    Losses                       Value  │
│  Environment               beam_rider      Forward              25m 7s    74%    policy_loss                 -0.002  │
│  Agent Steps                     5.4m      Env                     54s     2%    value_loss                  10.366  │
│  SPS                             2.5k      Misc                 5m 30s    16%    entropy                      1.281  │
│  Epoch                            176    Train                  1m 34s     4%    old_approx_kl                0.041  │
│  Uptime                       33m 52s      Forward                 20s     1%    approx_kl                    0.039  │
│  Remaining                    25m 21s      Learn                   55s     2%    clipfrac                     0.059  │
│                                            Misc                    17s     0%    explained_variance           0.971  │
│                                                                                                                      │
│  User Stats                                        Value    User Stats                                        Value  │
│  episode_return                                 1084.727    episode_length                                 1488.909  │
│                                                                                                                      │
│  Message: Checkpoint saved at update 174                                                                             │
╰──────────────────────────────────────────────────────────────────────────────────────────────────────────────────────╯

[0;0H╭──────────────────────────────────────────────────────────────────────────────────────────────────────────────────────╮
│  🐡 PufferLib 2.0.0                          CPU: 5377.0%       GPU: 17.1%        DRAM: 8.5%            VRAM: 97.3%  │
│                                                                                                                      │
│  Summary                        Value    Evaluate              32m 28s    95%    Losses                       Value  │
│  Environment               beam_rider      Forward             25m 17s    74%    policy_loss                 -0.000  │
│  Agent Steps                     5.4m      Env                     54s     2%    value_loss                  10.216  │
│  SPS                             2.5k      Misc                 5m 32s    16%    entropy                      1.208  │
│  Epoch                            177    Train                  1m 34s     4%    old_approx_kl                0.039  │
│  Uptime                        34m 4s      Forward                 20s     1%    approx_kl                    0.037  │
│  Remaining                     25m 6s      Learn                   56s     2%    clipfrac                     0.055  │
│                                            Misc                    17s     0%    explained_variance           0.973  │
│                                                                                                                      │
│  User Stats                                        Value    User Stats                                        Value  │
│  episode_return                                 1258.200    episode_length                                 1536.150  │
│                                                                                                                      │
│  Message: Checkpoint saved at update 174                                                                             │
╰──────────────────────────────────────────────────────────────────────────────────────────────────────────────────────╯

[0;0H╭──────────────────────────────────────────────────────────────────────────────────────────────────────────────────────╮
│  🐡 PufferLib 2.0.0                          CPU: 5357.0%       GPU: 19.9%        DRAM: 8.5%            VRAM: 97.3%  │
│                                                                                                                      │
│  Summary                        Value    Evaluate              32m 40s    95%    Losses                       Value  │
│  Environment               beam_rider      Forward             25m 26s    74%    policy_loss                 -0.002  │
│  Agent Steps                     5.5m      Env                     54s     2%    value_loss                  11.173  │
│  SPS                             2.5k      Misc                 5m 34s    16%    entropy                      1.225  │
│  Epoch                            178    Train                  1m 35s     4%    old_approx_kl                0.045  │
│  Uptime                       34m 17s      Forward                 20s     1%    approx_kl                    0.040  │
│  Remaining                    24m 54s      Learn                   56s     2%    clipfrac                     0.061  │
│                                            Misc                    17s     0%    explained_variance           0.971  │
│                                                                                                                      │
│  User Stats                                        Value    User Stats                                        Value  │
│  episode_return                                 1373.143    episode_length                                 1723.429  │
│                                                                                                                      │
│  Message: Checkpoint saved at update 177                                                                             │
╰──────────────────────────────────────────────────────────────────────────────────────────────────────────────────────╯

[0;0H╭──────────────────────────────────────────────────────────────────────────────────────────────────────────────────────╮
│  🐡 PufferLib 2.0.0                          CPU: 5377.0%       GPU: 17.6%        DRAM: 8.5%            VRAM: 97.3%  │
│                                                                                                                      │
│  Summary                        Value    Evaluate              32m 52s    95%    Losses                       Value  │
│  Environment               beam_rider      Forward             25m 35s    74%    policy_loss                 -0.002  │
│  Agent Steps                     5.5m      Env                     55s     2%    value_loss                  10.711  │
│  SPS                             2.5k      Misc                 5m 36s    16%    entropy                      1.234  │
│  Epoch                            179    Train                  1m 35s     4%    old_approx_kl                0.041  │
│  Uptime                       34m 29s      Forward                 21s     1%    approx_kl                    0.042  │
│  Remaining                    24m 48s      Learn                   56s     2%    clipfrac                     0.066  │
│                                            Misc                    17s     0%    explained_variance           0.973  │
│                                                                                                                      │
│  User Stats                                        Value    User Stats                                        Value  │
│  episode_return                                 1276.800    episode_length                                 1583.200  │
│                                                                                                                      │
│  Message: Checkpoint saved at update 177                                                                             │
╰──────────────────────────────────────────────────────────────────────────────────────────────────────────────────────╯

[0;0H╭──────────────────────────────────────────────────────────────────────────────────────────────────────────────────────╮
│  🐡 PufferLib 2.0.0                          CPU: 5376.5%       GPU: 15.4%        DRAM: 8.5%            VRAM: 97.3%  │
│                                                                                                                      │
│  Summary                        Value    Evaluate               33m 3s    95%    Losses                       Value  │
│  Environment               beam_rider      Forward             25m 44s    74%    policy_loss                 -0.001  │
│  Agent Steps                     5.5m      Env                     55s     2%    value_loss                  11.289  │
│  SPS                             2.5k      Misc                 5m 38s    16%    entropy                      1.219  │
│  Epoch                            180    Train                  1m 36s     4%    old_approx_kl                0.040  │
│  Uptime                       34m 41s      Forward                 21s     1%    approx_kl                    0.038  │
│  Remaining                    24m 34s      Learn                   57s     2%    clipfrac                     0.061  │
│                                            Misc                    17s     0%    explained_variance           0.972  │
│                                                                                                                      │
│  User Stats                                        Value    User Stats                                        Value  │
│  episode_return                                 1223.200    episode_length                                 1525.350  │
│                                                                                                                      │
│  Message: Checkpoint saved at update 177                                                                             │
╰──────────────────────────────────────────────────────────────────────────────────────────────────────────────────────╯

[0;0H╭──────────────────────────────────────────────────────────────────────────────────────────────────────────────────────╮
│  🐡 PufferLib 2.0.0                          CPU: 5356.0%       GPU: 18.3%        DRAM: 8.5%            VRAM: 97.3%  │
│                                                                                                                      │
│  Summary                        Value    Evaluate              33m 15s    95%    Losses                       Value  │
│  Environment               beam_rider      Forward             25m 53s    74%    policy_loss                 -0.003  │
│  Agent Steps                     5.6m      Env                     55s     2%    value_loss                  11.114  │
│  SPS                             2.5k      Misc                 5m 40s    16%    entropy                      1.265  │
│  Epoch                            181    Train                  1m 37s     4%    old_approx_kl                0.039  │
│  Uptime                       34m 54s      Forward                 21s     1%    approx_kl                    0.037  │
│  Remaining                    24m 32s      Learn                   57s     2%    clipfrac                     0.057  │
│                                            Misc                    18s     0%    explained_variance           0.972  │
│                                                                                                                      │
│  User Stats                                        Value    User Stats                                        Value  │
│  episode_return                                 1207.048    episode_length                                 1530.429  │
│                                                                                                                      │
│  Message: Checkpoint saved at update 180                                                                             │
╰──────────────────────────────────────────────────────────────────────────────────────────────────────────────────────╯

[0;0H╭──────────────────────────────────────────────────────────────────────────────────────────────────────────────────────╮
│  🐡 PufferLib 2.0.0                          CPU: 5377.0%       GPU: 18.4%        DRAM: 8.5%            VRAM: 97.3%  │
│                                                                                                                      │
│  Summary                        Value    Evaluate              33m 27s    95%    Losses                       Value  │
│  Environment               beam_rider      Forward              26m 2s    74%    policy_loss                 -0.002  │
│  Agent Steps                     5.6m      Env                     56s     2%    value_loss                  11.709  │
│  SPS                             2.5k      Misc                 5m 42s    16%    entropy                      1.209  │
│  Epoch                            182    Train                  1m 37s     4%    old_approx_kl                0.039  │
│  Uptime                        35m 6s      Forward                 21s     1%    approx_kl                    0.036  │
│  Remaining                    24m 17s      Learn                   57s     2%    clipfrac                     0.054  │
│                                            Misc                    18s     0%    explained_variance           0.971  │
│                                                                                                                      │
│  User Stats                                        Value    User Stats                                        Value  │
│  episode_return                                 1174.333    episode_length                                 1508.917  │
│                                                                                                                      │
│  Message: Checkpoint saved at update 180                                                                             │
╰──────────────────────────────────────────────────────────────────────────────────────────────────────────────────────╯

[0;0H╭──────────────────────────────────────────────────────────────────────────────────────────────────────────────────────╮
│  🐡 PufferLib 2.0.0                          CPU: 5374.5%       GPU: 16.4%        DRAM: 8.5%            VRAM: 97.3%  │
│                                                                                                                      │
│  Summary                        Value    Evaluate              33m 39s    95%    Losses                       Value  │
│  Environment               beam_rider      Forward             26m 12s    74%    policy_loss                  0.001  │
│  Agent Steps                     5.6m      Env                     56s     2%    value_loss                  10.502  │
│  SPS                             2.5k      Misc                 5m 44s    16%    entropy                      1.284  │
│  Epoch                            183    Train                  1m 38s     4%    old_approx_kl                0.035  │
│  Uptime                       35m 18s      Forward                 21s     1%    approx_kl                    0.036  │
│  Remaining                     24m 0s      Learn                   58s     2%    clipfrac                     0.055  │
│                                            Misc                    18s     0%    explained_variance           0.974  │
│                                                                                                                      │
│  User Stats                                        Value    User Stats                                        Value  │
│  episode_return                                 1356.522    episode_length                                 1653.826  │
│                                                                                                                      │
│  Message: Checkpoint saved at update 180                                                                             │
╰──────────────────────────────────────────────────────────────────────────────────────────────────────────────────────╯

[0;0H╭──────────────────────────────────────────────────────────────────────────────────────────────────────────────────────╮
│  🐡 PufferLib 2.0.0                          CPU: 5362.0%       GPU: 19.3%        DRAM: 8.5%            VRAM: 97.3%  │
│                                                                                                                      │
│  Summary                        Value    Evaluate              33m 51s    95%    Losses                       Value  │
│  Environment               beam_rider      Forward             26m 21s    74%    policy_loss                 -0.000  │
│  Agent Steps                     5.7m      Env                     56s     2%    value_loss                   9.805  │
│  SPS                             2.5k      Misc                 5m 46s    16%    entropy                      1.244  │
│  Epoch                            184    Train                  1m 38s     4%    old_approx_kl                0.037  │
│  Uptime                       35m 31s      Forward                 21s     1%    approx_kl                    0.035  │
│  Remaining                    23m 54s      Learn                   58s     2%    clipfrac                     0.054  │
│                                            Misc                    18s     0%    explained_variance           0.977  │
│                                                                                                                      │
│  User Stats                                        Value    User Stats                                        Value  │
│  episode_return                                 1529.333    episode_length                                 1844.867  │
│                                                                                                                      │
│  Message: Checkpoint saved at update 183                                                                             │
╰──────────────────────────────────────────────────────────────────────────────────────────────────────────────────────╯

[0;0H╭──────────────────────────────────────────────────────────────────────────────────────────────────────────────────────╮
│  🐡 PufferLib 2.0.0                          CPU: 5372.5%       GPU: 17.8%        DRAM: 8.5%            VRAM: 97.3%  │
│                                                                                                                      │
│  Summary                        Value    Evaluate               34m 2s    95%    Losses                       Value  │
│  Environment               beam_rider      Forward             26m 30s    74%    policy_loss                 -0.002  │
│  Agent Steps                     5.7m      Env                     57s     2%    value_loss                  10.167  │
│  SPS                             2.5k      Misc                 5m 48s    16%    entropy                      1.338  │
│  Epoch                            185    Train                  1m 39s     4%    old_approx_kl                0.038  │
│  Uptime                       35m 43s      Forward                 21s     1%    approx_kl                    0.038  │
│  Remaining                    23m 40s      Learn                   58s     2%    clipfrac                     0.054  │
│                                            Misc                    18s     0%    explained_variance           0.974  │
│                                                                                                                      │
│  User Stats                                        Value    User Stats                                        Value  │
│  episode_return                                 1321.750    episode_length                                 1671.688  │
│                                                                                                                      │
│  Message: Checkpoint saved at update 183                                                                             │
╰──────────────────────────────────────────────────────────────────────────────────────────────────────────────────────╯

[0;0H╭──────────────────────────────────────────────────────────────────────────────────────────────────────────────────────╮
│  🐡 PufferLib 2.0.0                          CPU: 5374.5%       GPU: 15.6%        DRAM: 8.5%            VRAM: 97.3%  │
│                                                                                                                      │
│  Summary                        Value    Evaluate              34m 14s    95%    Losses                       Value  │
│  Environment               beam_rider      Forward             26m 39s    74%    policy_loss                 -0.002  │
│  Agent Steps                     5.7m      Env                     57s     2%    value_loss                  10.030  │
│  SPS                             2.5k      Misc                 5m 50s    16%    entropy                      1.224  │
│  Epoch                            186    Train                  1m 39s     4%    old_approx_kl                0.042  │
│  Uptime                       35m 55s      Forward                 21s     1%    approx_kl                    0.040  │
│  Remaining                    23m 29s      Learn                   58s     2%    clipfrac                     0.065  │
│                                            Misc                    18s     0%    explained_variance           0.978  │
│                                                                                                                      │
│  User Stats                                        Value    User Stats                                        Value  │
│  episode_return                                 1295.040    episode_length                                 1708.080  │
│                                                                                                                      │
│  Message: Checkpoint saved at update 183                                                                             │
╰──────────────────────────────────────────────────────────────────────────────────────────────────────────────────────╯

[0;0H╭──────────────────────────────────────────────────────────────────────────────────────────────────────────────────────╮
│  🐡 PufferLib 2.0.0                          CPU: 5359.0%       GPU: 15.9%        DRAM: 8.5%            VRAM: 97.3%  │
│                                                                                                                      │
│  Summary                        Value    Evaluate              34m 26s    95%    Losses                       Value  │
│  Environment               beam_rider      Forward             26m 49s    74%    policy_loss                 -0.001  │
│  Agent Steps                     5.7m      Env                     57s     2%    value_loss                  10.341  │
│  SPS                             2.4k      Misc                 5m 52s    16%    entropy                      1.252  │
│  Epoch                            187    Train                  1m 40s     4%    old_approx_kl                0.040  │
│  Uptime                        36m 8s      Forward                 22s     1%    approx_kl                    0.038  │
│  Remaining                    23m 59s      Learn                   59s     2%    clipfrac                     0.059  │
│                                            Misc                    18s     0%    explained_variance           0.977  │
│                                                                                                                      │
│  User Stats                                        Value    User Stats                                        Value  │
│  episode_return                                 1459.733    episode_length                                 1810.733  │
│                                                                                                                      │
│  Message: Checkpoint saved at update 186                                                                             │
╰──────────────────────────────────────────────────────────────────────────────────────────────────────────────────────╯

[0;0H╭──────────────────────────────────────────────────────────────────────────────────────────────────────────────────────╮
│  🐡 PufferLib 2.0.0                          CPU: 5372.0%       GPU: 17.0%        DRAM: 8.5%            VRAM: 97.3%  │
│                                                                                                                      │
│  Summary                        Value    Evaluate              34m 38s    95%    Losses                       Value  │
│  Environment               beam_rider      Forward             26m 58s    74%    policy_loss                  0.000  │
│  Agent Steps                     5.8m      Env                     58s     2%    value_loss                  11.171  │
│  SPS                             2.4k      Misc                 5m 54s    16%    entropy                      1.209  │
│  Epoch                            188    Train                  1m 40s     4%    old_approx_kl                0.041  │
│  Uptime                       36m 21s      Forward                 22s     1%    approx_kl                    0.042  │
│  Remaining                    23m 37s      Learn                   59s     2%    clipfrac                     0.063  │
│                                            Misc                    18s     0%    explained_variance           0.973  │
│                                                                                                                      │
│  User Stats                                        Value    User Stats                                        Value  │
│  episode_return                                 1210.800    episode_length                                 1723.800  │
│                                                                                                                      │
│  Message: Checkpoint saved at update 186                                                                             │
╰──────────────────────────────────────────────────────────────────────────────────────────────────────────────────────╯

[0;0H╭──────────────────────────────────────────────────────────────────────────────────────────────────────────────────────╮
│  🐡 PufferLib 2.0.0                          CPU: 5372.5%       GPU: 17.0%        DRAM: 8.5%            VRAM: 97.3%  │
│                                                                                                                      │
│  Summary                        Value    Evaluate              34m 51s    95%    Losses                       Value  │
│  Environment               beam_rider      Forward              27m 8s    74%    policy_loss                  0.000  │
│  Agent Steps                     5.8m      Env                     58s     2%    value_loss                  10.021  │
│  SPS                             2.4k      Misc                 5m 56s    16%    entropy                      1.245  │
│  Epoch                            189    Train                  1m 41s     4%    old_approx_kl                0.036  │
│  Uptime                       36m 33s      Forward                 22s     1%    approx_kl                    0.038  │
│  Remaining                    23m 16s      Learn                   59s     2%    clipfrac                     0.056  │
│                                            Misc                    18s     0%    explained_variance           0.976  │
│                                                                                                                      │
│  User Stats                                        Value    User Stats                                        Value  │
│  episode_return                                 1243.636    episode_length                                 1631.364  │
│                                                                                                                      │
│  Message: Checkpoint saved at update 186                                                                             │
╰──────────────────────────────────────────────────────────────────────────────────────────────────────────────────────╯

[0;0H╭──────────────────────────────────────────────────────────────────────────────────────────────────────────────────────╮
│  🐡 PufferLib 2.0.0                          CPU: 5359.5%       GPU: 17.1%        DRAM: 8.5%            VRAM: 97.3%  │
│                                                                                                                      │
│  Summary                        Value    Evaluate               35m 2s    95%    Losses                       Value  │
│  Environment               beam_rider      Forward             27m 17s    74%    policy_loss                 -0.001  │
│  Agent Steps                     5.8m      Env                     58s     2%    value_loss                  10.813  │
│  SPS                             2.5k      Misc                 5m 58s    16%    entropy                      1.213  │
│  Epoch                            190    Train                  1m 42s     4%    old_approx_kl                0.046  │
│  Uptime                       36m 46s      Forward                 22s     1%    approx_kl                    0.043  │
│  Remaining                    22m 57s      Learn                 1m 0s     2%    clipfrac                     0.072  │
│                                            Misc                    19s     0%    explained_variance           0.972  │
│                                                                                                                      │
│  User Stats                                        Value    User Stats                                        Value  │
│  episode_return                                 1490.571    episode_length                                 1890.357  │
│                                                                                                                      │
│  Message: Checkpoint saved at update 189                                                                             │
╰──────────────────────────────────────────────────────────────────────────────────────────────────────────────────────╯

[0;0H╭──────────────────────────────────────────────────────────────────────────────────────────────────────────────────────╮
│  🐡 PufferLib 2.0.0                          CPU: 5367.5%       GPU: 16.9%        DRAM: 8.5%            VRAM: 97.3%  │
│                                                                                                                      │
│  Summary                        Value    Evaluate              35m 15s    95%    Losses                       Value  │
│  Environment               beam_rider      Forward             27m 26s    74%    policy_loss                 -0.001  │
│  Agent Steps                     5.9m      Env                     59s     2%    value_loss                  11.119  │
│  SPS                             2.4k      Misc                  6m 0s    16%    entropy                      1.319  │
│  Epoch                            191    Train                  1m 42s     4%    old_approx_kl                0.039  │
│  Uptime                       36m 59s      Forward                 22s     1%    approx_kl                    0.039  │
│  Remaining                     23m 5s      Learn                 1m 0s     2%    clipfrac                     0.059  │
│                                            Misc                    19s     0%    explained_variance           0.973  │
│                                                                                                                      │
│  User Stats                                        Value    User Stats                                        Value  │
│  episode_return                                 1435.333    episode_length                                 1922.250  │
│                                                                                                                      │
│  Message: Checkpoint saved at update 189                                                                             │
╰──────────────────────────────────────────────────────────────────────────────────────────────────────────────────────╯

[0;0H╭──────────────────────────────────────────────────────────────────────────────────────────────────────────────────────╮
│  🐡 PufferLib 2.0.0                          CPU: 5372.5%       GPU: 16.6%        DRAM: 8.5%            VRAM: 97.3%  │
│                                                                                                                      │
│  Summary                        Value    Evaluate              35m 27s    95%    Losses                       Value  │
│  Environment               beam_rider      Forward             27m 36s    74%    policy_loss                 -0.000  │
│  Agent Steps                     5.9m      Env                     59s     2%    value_loss                  11.133  │
│  SPS                             2.4k      Misc                  6m 2s    16%    entropy                      1.327  │
│  Epoch                            192    Train                  1m 43s     4%    old_approx_kl                0.032  │
│  Uptime                       37m 11s      Forward                 22s     1%    approx_kl                    0.036  │
│  Remaining                    22m 46s      Learn                 1m 0s     2%    clipfrac                     0.052  │
│                                            Misc                    19s     0%    explained_variance           0.974  │
│                                                                                                                      │
│  User Stats                                        Value    User Stats                                        Value  │
│  episode_return                                 1334.200    episode_length                                 1825.900  │
│                                                                                                                      │
│  Message: Checkpoint saved at update 189                                                                             │
╰──────────────────────────────────────────────────────────────────────────────────────────────────────────────────────╯

[0;0H╭──────────────────────────────────────────────────────────────────────────────────────────────────────────────────────╮
│  🐡 PufferLib 2.0.0                          CPU: 5352.0%       GPU: 16.4%        DRAM: 8.5%            VRAM: 97.3%  │
│                                                                                                                      │
│  Summary                        Value    Evaluate              35m 39s    95%    Losses                       Value  │
│  Environment               beam_rider      Forward             27m 45s    74%    policy_loss                 -0.002  │
│  Agent Steps                     5.9m      Env                     59s     2%    value_loss                  16.317  │
│  SPS                             2.4k      Misc                  6m 4s    16%    entropy                      1.303  │
│  Epoch                            193    Train                  1m 43s     4%    old_approx_kl                0.043  │
│  Uptime                       37m 24s      Forward                 22s     1%    approx_kl                    0.042  │
│  Remaining                    22m 40s      Learn                 1m 1s     2%    clipfrac                     0.061  │
│                                            Misc                    19s     0%    explained_variance           0.962  │
│                                                                                                                      │
│  User Stats                                        Value    User Stats                                        Value  │
│  episode_return                                 1602.667    episode_length                                 2007.000  │
│                                                                                                                      │
│  Message: Checkpoint saved at update 192                                                                             │
╰──────────────────────────────────────────────────────────────────────────────────────────────────────────────────────╯

[0;0H╭──────────────────────────────────────────────────────────────────────────────────────────────────────────────────────╮
│  🐡 PufferLib 2.0.0                          CPU: 5373.5%       GPU: 16.4%        DRAM: 8.5%            VRAM: 97.3%  │
│                                                                                                                      │
│  Summary                        Value    Evaluate              35m 51s    95%    Losses                       Value  │
│  Environment               beam_rider      Forward             27m 55s    74%    policy_loss                  0.000  │
│  Agent Steps                     6.0m      Env                   1m 0s     2%    value_loss                  17.456  │
│  SPS                             2.4k      Misc                  6m 6s    16%    entropy                      1.252  │
│  Epoch                            194    Train                  1m 44s     4%    old_approx_kl                0.039  │
│  Uptime                       37m 37s      Forward                 22s     1%    approx_kl                    0.039  │
│  Remaining                    22m 20s      Learn                 1m 1s     2%    clipfrac                     0.060  │
│                                            Misc                    19s     0%    explained_variance           0.956  │
│                                                                                                                      │
│  User Stats                                        Value    User Stats                                        Value  │
│  episode_return                                 1694.667    episode_length                                 2064.067  │
│                                                                                                                      │
│  Message: Checkpoint saved at update 192                                                                             │
╰──────────────────────────────────────────────────────────────────────────────────────────────────────────────────────╯

[0;0H╭──────────────────────────────────────────────────────────────────────────────────────────────────────────────────────╮
│  🐡 PufferLib 2.0.0                          CPU: 5370.5%       GPU: 16.8%        DRAM: 8.5%            VRAM: 97.3%  │
│                                                                                                                      │
│  Summary                        Value    Evaluate               36m 3s    95%    Losses                       Value  │
│  Environment               beam_rider      Forward              28m 4s    74%    policy_loss                 -0.001  │
│  Agent Steps                     6.0m      Env                   1m 0s     2%    value_loss                  10.040  │
│  SPS                             2.4k      Misc                  6m 8s    16%    entropy                      1.324  │
│  Epoch                            195    Train                  1m 44s     4%    old_approx_kl                0.052  │
│  Uptime                       37m 49s      Forward                 23s     1%    approx_kl                    0.052  │
│  Remaining                     22m 8s      Learn                 1m 1s     2%    clipfrac                     0.082  │
│                                            Misc                    19s     0%    explained_variance           0.977  │
│                                                                                                                      │
│  User Stats                                        Value    User Stats                                        Value  │
│  episode_return                                 1555.067    episode_length                                 1895.067  │
│                                                                                                                      │
│  Message: Checkpoint saved at update 192                                                                             │
╰──────────────────────────────────────────────────────────────────────────────────────────────────────────────────────╯

[0;0H╭──────────────────────────────────────────────────────────────────────────────────────────────────────────────────────╮
│  🐡 PufferLib 2.0.0                          CPU: 5354.5%       GPU: 17.0%        DRAM: 8.5%            VRAM: 97.3%  │
│                                                                                                                      │
│  Summary                        Value    Evaluate              36m 15s    95%    Losses                       Value  │
│  Environment               beam_rider      Forward             28m 14s    74%    policy_loss                 -0.003  │
│  Agent Steps                     6.0m      Env                   1m 0s     2%    value_loss                  10.875  │
│  SPS                             2.4k      Misc                 6m 10s    16%    entropy                      1.325  │
│  Epoch                            196    Train                  1m 45s     4%    old_approx_kl                0.055  │
│  Uptime                        38m 2s      Forward                 23s     1%    approx_kl                    0.054  │
│  Remaining                    22m 16s      Learn                 1m 2s     2%    clipfrac                     0.085  │
│                                            Misc                    19s     0%    explained_variance           0.975  │
│                                                                                                                      │
│  User Stats                                        Value    User Stats                                        Value  │
│  episode_return                                 1516.000    episode_length                                 1948.143  │
│                                                                                                                      │
│  Message: Checkpoint saved at update 195                                                                             │
╰──────────────────────────────────────────────────────────────────────────────────────────────────────────────────────╯

[0;0H╭──────────────────────────────────────────────────────────────────────────────────────────────────────────────────────╮
│  🐡 PufferLib 2.0.0                          CPU: 5372.0%       GPU: 17.0%        DRAM: 8.5%            VRAM: 97.3%  │
│                                                                                                                      │
│  Summary                        Value    Evaluate              36m 27s    95%    Losses                       Value  │
│  Environment               beam_rider      Forward             28m 23s    74%    policy_loss                  0.000  │
│  Agent Steps                     6.1m      Env                   1m 1s     2%    value_loss                  10.797  │
│  SPS                             2.4k      Misc                 6m 12s    16%    entropy                      1.250  │
│  Epoch                            197    Train                  1m 46s     4%    old_approx_kl                0.051  │
│  Uptime                       38m 15s      Forward                 23s     1%    approx_kl                    0.047  │
│  Remaining                    21m 40s      Learn                 1m 2s     2%    clipfrac                     0.074  │
│                                            Misc                    19s     0%    explained_variance           0.973  │
│                                                                                                                      │
│  User Stats                                        Value    User Stats                                        Value  │
│  episode_return                                 1369.429    episode_length                                 1703.714  │
│                                                                                                                      │
│  Message: Checkpoint saved at update 195                                                                             │
╰──────────────────────────────────────────────────────────────────────────────────────────────────────────────────────╯

[0;0H╭──────────────────────────────────────────────────────────────────────────────────────────────────────────────────────╮
│  🐡 PufferLib 2.0.0                          CPU: 5372.5%       GPU: 17.0%        DRAM: 8.5%            VRAM: 97.3%  │
│                                                                                                                      │
│  Summary                        Value    Evaluate              36m 39s    95%    Losses                       Value  │
│  Environment               beam_rider      Forward             28m 32s    74%    policy_loss                  0.001  │
│  Agent Steps                     6.1m      Env                   1m 1s     2%    value_loss                   9.179  │
│  SPS                             2.4k      Misc                 6m 14s    16%    entropy                      1.277  │
│  Epoch                            198    Train                  1m 46s     4%    old_approx_kl                0.048  │
│  Uptime                       38m 27s      Forward                 23s     1%    approx_kl                    0.048  │
│  Remaining                    21m 24s      Learn                 1m 2s     2%    clipfrac                     0.074  │
│                                            Misc                    19s     0%    explained_variance           0.981  │
│                                                                                                                      │
│  User Stats                                        Value    User Stats                                        Value  │
│  episode_return                                 1335.400    episode_length                                 1739.500  │
│                                                                                                                      │
│  Message: Checkpoint saved at update 195                                                                             │
╰──────────────────────────────────────────────────────────────────────────────────────────────────────────────────────╯

[0;0H╭──────────────────────────────────────────────────────────────────────────────────────────────────────────────────────╮
│  🐡 PufferLib 2.0.0                          CPU: 5356.5%       GPU: 16.9%        DRAM: 8.5%            VRAM: 97.3%  │
│                                                                                                                      │
│  Summary                        Value    Evaluate              36m 51s    95%    Losses                       Value  │
│  Environment               beam_rider      Forward             28m 42s    74%    policy_loss                 -0.002  │
│  Agent Steps                     6.1m      Env                   1m 1s     2%    value_loss                  10.571  │
│  SPS                             2.4k      Misc                 6m 16s    16%    entropy                      1.259  │
│  Epoch                            199    Train                  1m 47s     4%    old_approx_kl                0.042  │
│  Uptime                       38m 40s      Forward                 23s     1%    approx_kl                    0.039  │
│  Remaining                    21m 24s      Learn                 1m 3s     2%    clipfrac                     0.059  │
│                                            Misc                    20s     0%    explained_variance           0.976  │
│                                                                                                                      │
│  User Stats                                        Value    User Stats                                        Value  │
│  episode_return                                 1330.667    episode_length                                 1688.733  │
│                                                                                                                      │
│  Message: Checkpoint saved at update 198                                                                             │
╰──────────────────────────────────────────────────────────────────────────────────────────────────────────────────────╯

[0;0H╭──────────────────────────────────────────────────────────────────────────────────────────────────────────────────────╮
│  🐡 PufferLib 2.0.0                          CPU: 5366.5%       GPU: 16.6%        DRAM: 8.5%            VRAM: 97.3%  │
│                                                                                                                      │
│  Summary                        Value    Evaluate               37m 4s    95%    Losses                       Value  │
│  Environment               beam_rider      Forward             28m 52s    74%    policy_loss                 -0.003  │
│  Agent Steps                     6.1m      Env                   1m 2s     2%    value_loss                  12.804  │
│  SPS                             2.3k      Misc                 6m 19s    16%    entropy                      1.296  │
│  Epoch                            200    Train                  1m 47s     4%    old_approx_kl                0.045  │
│  Uptime                       38m 53s      Forward                 23s     1%    approx_kl                    0.043  │
│  Remaining                     22m 8s      Learn                 1m 3s     2%    clipfrac                     0.065  │
│                                            Misc                    20s     0%    explained_variance           0.969  │
│                                                                                                                      │
│  User Stats                                        Value    User Stats                                        Value  │
│  episode_return                                 1402.400    episode_length                                 1812.667  │
│                                                                                                                      │
│  Message: Checkpoint saved at update 198                                                                             │
╰──────────────────────────────────────────────────────────────────────────────────────────────────────────────────────╯

[0;0H╭──────────────────────────────────────────────────────────────────────────────────────────────────────────────────────╮
│  🐡 PufferLib 2.0.0                          CPU: 5367.0%       GPU: 16.5%        DRAM: 8.5%            VRAM: 97.3%  │
│                                                                                                                      │
│  Summary                        Value    Evaluate              37m 16s    95%    Losses                       Value  │
│  Environment               beam_rider      Forward              29m 2s    74%    policy_loss                 -0.001  │
│  Agent Steps                     6.2m      Env                   1m 2s     2%    value_loss                  13.755  │
│  SPS                             2.4k      Misc                 6m 21s    16%    entropy                      1.263  │
│  Epoch                            201    Train                  1m 48s     4%    old_approx_kl                0.051  │
│  Uptime                        39m 6s      Forward                 23s     1%    approx_kl                    0.046  │
│  Remaining                     21m 8s      Learn                 1m 3s     2%    clipfrac                     0.070  │
│                                            Misc                    20s     0%    explained_variance           0.970  │
│                                                                                                                      │
│  User Stats                                        Value    User Stats                                        Value  │
│  episode_return                                 1465.111    episode_length                                 1854.222  │
│                                                                                                                      │
│  Message: Checkpoint saved at update 198                                                                             │
╰──────────────────────────────────────────────────────────────────────────────────────────────────────────────────────╯

[0;0H╭──────────────────────────────────────────────────────────────────────────────────────────────────────────────────────╮
│  🐡 PufferLib 2.0.0                          CPU: 5352.0%       GPU: 18.6%        DRAM: 8.5%            VRAM: 97.3%  │
│                                                                                                                      │
│  Summary                        Value    Evaluate              37m 29s    95%    Losses                       Value  │
│  Environment               beam_rider      Forward             29m 11s    74%    policy_loss                 -0.001  │
│  Agent Steps                     6.2m      Env                   1m 2s     2%    value_loss                  10.427  │
│  SPS                             2.4k      Misc                 6m 23s    16%    entropy                      1.250  │
│  Epoch                            202    Train                  1m 48s     4%    old_approx_kl                0.041  │
│  Uptime                       39m 19s      Forward                 24s     1%    approx_kl                    0.041  │
│  Remaining                     21m 5s      Learn                 1m 4s     2%    clipfrac                     0.063  │
│                                            Misc                    20s     0%    explained_variance           0.978  │
│                                                                                                                      │
│  User Stats                                        Value    User Stats                                        Value  │
│  episode_return                                 1602.095    episode_length                                 1900.857  │
│                                                                                                                      │
│  Message: Checkpoint saved at update 201                                                                             │
╰──────────────────────────────────────────────────────────────────────────────────────────────────────────────────────╯

[0;0H╭──────────────────────────────────────────────────────────────────────────────────────────────────────────────────────╮
│  🐡 PufferLib 2.0.0                          CPU: 5367.0%       GPU: 16.9%        DRAM: 8.5%            VRAM: 97.3%  │
│                                                                                                                      │
│  Summary                        Value    Evaluate              37m 41s    95%    Losses                       Value  │
│  Environment               beam_rider      Forward             29m 21s    74%    policy_loss                 -0.004  │
│  Agent Steps                     6.2m      Env                   1m 3s     2%    value_loss                  10.991  │
│  SPS                             2.4k      Misc                 6m 25s    16%    entropy                      1.248  │
│  Epoch                            203    Train                  1m 49s     4%    old_approx_kl                0.048  │
│  Uptime                       39m 32s      Forward                 24s     1%    approx_kl                    0.046  │
│  Remaining                    20m 18s      Learn                 1m 4s     2%    clipfrac                     0.075  │
│                                            Misc                    20s     0%    explained_variance           0.976  │
│                                                                                                                      │
│  User Stats                                        Value    User Stats                                        Value  │
│  episode_return                                 1583.000    episode_length                                 1872.500  │
│                                                                                                                      │
│  Message: Checkpoint saved at update 201                                                                             │
╰──────────────────────────────────────────────────────────────────────────────────────────────────────────────────────╯

[0;0H╭──────────────────────────────────────────────────────────────────────────────────────────────────────────────────────╮
│  🐡 PufferLib 2.0.0                          CPU: 5374.5%       GPU: 17.1%        DRAM: 8.5%            VRAM: 97.3%  │
│                                                                                                                      │
│  Summary                        Value    Evaluate              37m 53s    95%    Losses                       Value  │
│  Environment               beam_rider      Forward             29m 30s    74%    policy_loss                 -0.001  │
│  Agent Steps                     6.3m      Env                   1m 3s     2%    value_loss                  13.803  │
│  SPS                             2.5k      Misc                 6m 27s    16%    entropy                      1.299  │
│  Epoch                            204    Train                  1m 50s     4%    old_approx_kl                0.039  │
│  Uptime                       39m 44s      Forward                 24s     1%    approx_kl                    0.043  │
│  Remaining                    19m 55s      Learn                 1m 4s     2%    clipfrac                     0.065  │
│                                            Misc                    20s     0%    explained_variance           0.969  │
│                                                                                                                      │
│  User Stats                                        Value    User Stats                                        Value  │
│  episode_return                                 1420.000    episode_length                                 1742.467  │
│                                                                                                                      │
│  Message: Checkpoint saved at update 201                                                                             │
╰──────────────────────────────────────────────────────────────────────────────────────────────────────────────────────╯

[0;0H╭──────────────────────────────────────────────────────────────────────────────────────────────────────────────────────╮
│  🐡 PufferLib 2.0.0                          CPU: 5356.5%       GPU: 17.1%        DRAM: 8.5%            VRAM: 97.3%  │
│                                                                                                                      │
│  Summary                        Value    Evaluate               38m 5s    95%    Losses                       Value  │
│  Environment               beam_rider      Forward             29m 39s    74%    policy_loss                 -0.002  │
│  Agent Steps                     6.3m      Env                   1m 3s     2%    value_loss                  10.247  │
│  SPS                             2.5k      Misc                 6m 29s    16%    entropy                      1.269  │
│  Epoch                            205    Train                  1m 50s     4%    old_approx_kl                0.040  │
│  Uptime                       39m 56s      Forward                 24s     1%    approx_kl                    0.040  │
│  Remaining                    19m 47s      Learn                 1m 5s     2%    clipfrac                     0.057  │
│                                            Misc                    20s     0%    explained_variance           0.978  │
│                                                                                                                      │
│  User Stats                                        Value    User Stats                                        Value  │
│  episode_return                                 1374.364    episode_length                                 1749.727  │
│                                                                                                                      │
│  Message: Checkpoint saved at update 204                                                                             │
╰──────────────────────────────────────────────────────────────────────────────────────────────────────────────────────╯

[0;0H╭──────────────────────────────────────────────────────────────────────────────────────────────────────────────────────╮
│  🐡 PufferLib 2.0.0                          CPU: 5373.5%       GPU: 15.0%        DRAM: 8.5%            VRAM: 97.3%  │
│                                                                                                                      │
│  Summary                        Value    Evaluate              38m 16s    95%    Losses                       Value  │
│  Environment               beam_rider      Forward             29m 48s    74%    policy_loss                 -0.003  │
│  Agent Steps                     6.3m      Env                   1m 4s     2%    value_loss                  14.143  │
│  SPS                             2.5k      Misc                 6m 31s    16%    entropy                      1.258  │
│  Epoch                            206    Train                  1m 51s     4%    old_approx_kl                0.040  │
│  Uptime                        40m 9s      Forward                 24s     1%    approx_kl                    0.041  │
│  Remaining                    19m 26s      Learn                 1m 5s     2%    clipfrac                     0.061  │
│                                            Misc                    20s     0%    explained_variance           0.970  │
│                                                                                                                      │
│  User Stats                                        Value    User Stats                                        Value  │
│  episode_return                                 1609.333    episode_length                                 1932.500  │
│                                                                                                                      │
│  Message: Checkpoint saved at update 204                                                                             │
╰──────────────────────────────────────────────────────────────────────────────────────────────────────────────────────╯

[0;0H╭──────────────────────────────────────────────────────────────────────────────────────────────────────────────────────╮
│  🐡 PufferLib 2.0.0                          CPU: 5373.5%       GPU: 19.8%        DRAM: 8.5%            VRAM: 97.3%  │
│                                                                                                                      │
│  Summary                        Value    Evaluate              38m 28s    95%    Losses                       Value  │
│  Environment               beam_rider      Forward             29m 57s    74%    policy_loss                 -0.002  │
│  Agent Steps                     6.4m      Env                   1m 4s     2%    value_loss                  11.505  │
│  SPS                             2.5k      Misc                 6m 33s    16%    entropy                      1.268  │
│  Epoch                            207    Train                  1m 51s     4%    old_approx_kl                0.043  │
│  Uptime                       40m 21s      Forward                 24s     1%    approx_kl                    0.042  │
│  Remaining                    18m 56s      Learn                 1m 5s     2%    clipfrac                     0.064  │
│                                            Misc                    20s     0%    explained_variance           0.975  │
│                                                                                                                      │
│  User Stats                                        Value    User Stats                                        Value  │
│  episode_return                                 1579.714    episode_length                                 1970.286  │
│                                                                                                                      │
│  Message: Checkpoint saved at update 204                                                                             │
╰──────────────────────────────────────────────────────────────────────────────────────────────────────────────────────╯

[0;0H╭──────────────────────────────────────────────────────────────────────────────────────────────────────────────────────╮
│  🐡 PufferLib 2.0.0                          CPU: 5358.5%       GPU: 20.2%        DRAM: 8.5%            VRAM: 97.3%  │
│                                                                                                                      │
│  Summary                        Value    Evaluate              38m 40s    95%    Losses                       Value  │
│  Environment               beam_rider      Forward              30m 7s    74%    policy_loss                  0.002  │
│  Agent Steps                     6.4m      Env                   1m 4s     2%    value_loss                  10.762  │
│  SPS                             2.5k      Misc                 6m 35s    16%    entropy                      1.328  │
│  Epoch                            208    Train                  1m 52s     4%    old_approx_kl                0.039  │
│  Uptime                       40m 33s      Forward                 24s     1%    approx_kl                    0.038  │
│  Remaining                    18m 34s      Learn                 1m 6s     2%    clipfrac                     0.055  │
│                                            Misc                    20s     0%    explained_variance           0.978  │
│                                                                                                                      │
│  User Stats                                        Value    User Stats                                        Value  │
│  episode_return                                 1456.333    episode_length                                 1748.958  │
│                                                                                                                      │
│  Message: Checkpoint saved at update 207                                                                             │
╰──────────────────────────────────────────────────────────────────────────────────────────────────────────────────────╯

[0;0H╭──────────────────────────────────────────────────────────────────────────────────────────────────────────────────────╮
│  🐡 PufferLib 2.0.0                          CPU: 5377.0%       GPU: 20.2%        DRAM: 8.5%            VRAM: 97.3%  │
│                                                                                                                      │
│  Summary                        Value    Evaluate              38m 51s    95%    Losses                       Value  │
│  Environment               beam_rider      Forward             30m 16s    74%    policy_loss                 -0.001  │
│  Agent Steps                     6.4m      Env                   1m 5s     2%    value_loss                  11.313  │
│  SPS                             2.6k      Misc                 6m 36s    16%    entropy                      1.192  │
│  Epoch                            209    Train                  1m 52s     4%    old_approx_kl                0.038  │
│  Uptime                       40m 45s      Forward                 24s     1%    approx_kl                    0.037  │
│  Remaining                    18m 11s      Learn                 1m 6s     2%    clipfrac                     0.055  │
│                                            Misc                    21s     0%    explained_variance           0.975  │
│                                                                                                                      │
│  User Stats                                        Value    User Stats                                        Value  │
│  episode_return                                 1389.333    episode_length                                 1697.800  │
│                                                                                                                      │
│  Message: Checkpoint saved at update 207                                                                             │
╰──────────────────────────────────────────────────────────────────────────────────────────────────────────────────────╯

[0;0H╭──────────────────────────────────────────────────────────────────────────────────────────────────────────────────────╮
│  🐡 PufferLib 2.0.0                          CPU: 5374.0%       GPU: 17.6%        DRAM: 8.5%            VRAM: 97.3%  │
│                                                                                                                      │
│  Summary                        Value    Evaluate               39m 3s    95%    Losses                       Value  │
│  Environment               beam_rider      Forward             30m 25s    74%    policy_loss                 -0.001  │
│  Agent Steps                     6.5m      Env                   1m 5s     2%    value_loss                   9.953  │
│  SPS                             2.5k      Misc                 6m 38s    16%    entropy                      1.264  │
│  Epoch                            210    Train                  1m 53s     4%    old_approx_kl                0.037  │
│  Uptime                       40m 57s      Forward                 25s     1%    approx_kl                    0.035  │
│  Remaining                    18m 24s      Learn                 1m 6s     2%    clipfrac                     0.055  │
│                                            Misc                    21s     0%    explained_variance           0.979  │
│                                                                                                                      │
│  User Stats                                        Value    User Stats                                        Value  │
│  episode_return                                 1544.000    episode_length                                 1849.471  │
│                                                                                                                      │
│  Message: Checkpoint saved at update 207                                                                             │
╰──────────────────────────────────────────────────────────────────────────────────────────────────────────────────────╯

[0;0H╭──────────────────────────────────────────────────────────────────────────────────────────────────────────────────────╮
│  🐡 PufferLib 2.0.0                          CPU: 5359.5%       GPU: 15.2%        DRAM: 8.5%            VRAM: 97.3%  │
│                                                                                                                      │
│  Summary                        Value    Evaluate              39m 15s    95%    Losses                       Value  │
│  Environment               beam_rider      Forward             30m 34s    74%    policy_loss                 -0.002  │
│  Agent Steps                     6.5m      Env                   1m 5s     2%    value_loss                  11.304  │
│  SPS                             2.5k      Misc                 6m 40s    16%    entropy                      1.281  │
│  Epoch                            211    Train                  1m 53s     4%    old_approx_kl                0.043  │
│  Uptime                       41m 10s      Forward                 25s     1%    approx_kl                    0.041  │
│  Remaining                    18m 30s      Learn                 1m 7s     2%    clipfrac                     0.065  │
│                                            Misc                    21s     0%    explained_variance           0.976  │
│                                                                                                                      │
│  User Stats                                        Value    User Stats                                        Value  │
│  episode_return                                 1685.714    episode_length                                 2041.357  │
│                                                                                                                      │
│  Message: Checkpoint saved at update 210                                                                             │
╰──────────────────────────────────────────────────────────────────────────────────────────────────────────────────────╯

[0;0H╭──────────────────────────────────────────────────────────────────────────────────────────────────────────────────────╮
│  🐡 PufferLib 2.0.0                          CPU: 5381.0%       GPU: 19.7%        DRAM: 8.5%            VRAM: 97.3%  │
│                                                                                                                      │
│  Summary                        Value    Evaluate              39m 27s    95%    Losses                       Value  │
│  Environment               beam_rider      Forward             30m 43s    74%    policy_loss                 -0.000  │
│  Agent Steps                     6.5m      Env                   1m 6s     2%    value_loss                  10.849  │
│  SPS                             2.5k      Misc                 6m 42s    16%    entropy                      1.211  │
│  Epoch                            212    Train                  1m 54s     4%    old_approx_kl                0.046  │
│  Uptime                       41m 22s      Forward                 25s     1%    approx_kl                    0.044  │
│  Remaining                    17m 58s      Learn                 1m 7s     2%    clipfrac                     0.071  │
│                                            Misc                    21s     0%    explained_variance           0.979  │
│                                                                                                                      │
│  User Stats                                        Value    User Stats                                        Value  │
│  episode_return                                 1428.308    episode_length                                 1783.731  │
│                                                                                                                      │
│  Message: Checkpoint saved at update 210                                                                             │
╰──────────────────────────────────────────────────────────────────────────────────────────────────────────────────────╯

[0;0H╭──────────────────────────────────────────────────────────────────────────────────────────────────────────────────────╮
│  🐡 PufferLib 2.0.0                          CPU: 5376.5%       GPU: 17.9%        DRAM: 8.5%            VRAM: 97.3%  │
│                                                                                                                      │
│  Summary                        Value    Evaluate              39m 38s    95%    Losses                       Value  │
│  Environment               beam_rider      Forward             30m 52s    74%    policy_loss                  0.002  │
│  Agent Steps                     6.5m      Env                   1m 6s     2%    value_loss                   9.636  │
│  SPS                             2.5k      Misc                 6m 44s    16%    entropy                      1.319  │
│  Epoch                            213    Train                  1m 54s     4%    old_approx_kl                0.044  │
│  Uptime                       41m 35s      Forward                 25s     1%    approx_kl                    0.043  │
│  Remaining                    17m 49s      Learn                 1m 7s     2%    clipfrac                     0.065  │
│                                            Misc                    21s     0%    explained_variance           0.981  │
│                                                                                                                      │
│  User Stats                                        Value    User Stats                                        Value  │
│  episode_return                                 1234.222    episode_length                                 1559.056  │
│                                                                                                                      │
│  Message: Checkpoint saved at update 210                                                                             │
╰──────────────────────────────────────────────────────────────────────────────────────────────────────────────────────╯

[0;0H╭──────────────────────────────────────────────────────────────────────────────────────────────────────────────────────╮
│  🐡 PufferLib 2.0.0                          CPU: 5361.5%       GPU: 15.2%        DRAM: 8.5%            VRAM: 97.3%  │
│                                                                                                                      │
│  Summary                        Value    Evaluate              39m 50s    95%    Losses                       Value  │
│  Environment               beam_rider      Forward              31m 2s    74%    policy_loss                 -0.001  │
│  Agent Steps                     6.6m      Env                   1m 6s     2%    value_loss                  13.078  │
│  SPS                             2.5k      Misc                 6m 46s    16%    entropy                      1.258  │
│  Epoch                            214    Train                  1m 55s     4%    old_approx_kl                0.045  │
│  Uptime                       41m 47s      Forward                 25s     1%    approx_kl                    0.045  │
│  Remaining                    17m 51s      Learn                 1m 7s     2%    clipfrac                     0.070  │
│                                            Misc                    21s     0%    explained_variance           0.974  │
│                                                                                                                      │
│  User Stats                                        Value    User Stats                                        Value  │
│  episode_return                                 1120.800    episode_length                                 1458.667  │
│                                                                                                                      │
│  Message: Checkpoint saved at update 213                                                                             │
╰──────────────────────────────────────────────────────────────────────────────────────────────────────────────────────╯

[0;0H╭──────────────────────────────────────────────────────────────────────────────────────────────────────────────────────╮
│  🐡 PufferLib 2.0.0                          CPU: 5377.0%       GPU: 18.8%        DRAM: 8.5%            VRAM: 97.3%  │
│                                                                                                                      │
│  Summary                        Value    Evaluate               40m 2s    95%    Losses                       Value  │
│  Environment               beam_rider      Forward             31m 11s    74%    policy_loss                 -0.002  │
│  Agent Steps                     6.6m      Env                   1m 7s     2%    value_loss                   9.796  │
│  SPS                             2.5k      Misc                 6m 48s    16%    entropy                      1.298  │
│  Epoch                            215    Train                  1m 56s     4%    old_approx_kl                0.039  │
│  Uptime                       41m 59s      Forward                 25s     1%    approx_kl                    0.036  │
│  Remaining                    17m 32s      Learn                 1m 8s     2%    clipfrac                     0.055  │
│                                            Misc                    21s     0%    explained_variance           0.978  │
│                                                                                                                      │
│  User Stats                                        Value    User Stats                                        Value  │
│  episode_return                                 1506.000    episode_length                                 1835.714  │
│                                                                                                                      │
│  Message: Checkpoint saved at update 213                                                                             │
╰──────────────────────────────────────────────────────────────────────────────────────────────────────────────────────╯

[0;0H╭──────────────────────────────────────────────────────────────────────────────────────────────────────────────────────╮
│  🐡 PufferLib 2.0.0                          CPU: 5377.0%       GPU: 16.8%        DRAM: 8.5%            VRAM: 97.3%  │
│                                                                                                                      │
│  Summary                        Value    Evaluate              40m 14s    95%    Losses                       Value  │
│  Environment               beam_rider      Forward             31m 20s    74%    policy_loss                 -0.001  │
│  Agent Steps                     6.6m      Env                   1m 7s     2%    value_loss                  10.201  │
│  SPS                             2.5k      Misc                 6m 50s    16%    entropy                      1.342  │
│  Epoch                            216    Train                  1m 56s     4%    old_approx_kl                0.037  │
│  Uptime                       42m 12s      Forward                 25s     1%    approx_kl                    0.035  │
│  Remaining                    17m 20s      Learn                 1m 8s     2%    clipfrac                     0.052  │
│                                            Misc                    21s     0%    explained_variance           0.980  │
│                                                                                                                      │
│  User Stats                                        Value    User Stats                                        Value  │
│  episode_return                                 1409.111    episode_length                                 1812.056  │
│                                                                                                                      │
│  Message: Checkpoint saved at update 213                                                                             │
╰──────────────────────────────────────────────────────────────────────────────────────────────────────────────────────╯

[0;0H╭──────────────────────────────────────────────────────────────────────────────────────────────────────────────────────╮
│  🐡 PufferLib 2.0.0                          CPU: 5361.5%       GPU: 17.4%        DRAM: 8.5%            VRAM: 97.3%  │
│                                                                                                                      │
│  Summary                        Value    Evaluate              40m 26s    95%    Losses                       Value  │
│  Environment               beam_rider      Forward             31m 29s    74%    policy_loss                 -0.001  │
│  Agent Steps                     6.7m      Env                   1m 7s     2%    value_loss                  14.495  │
│  SPS                             2.5k      Misc                 6m 52s    16%    entropy                      1.244  │
│  Epoch                            217    Train                  1m 57s     4%    old_approx_kl                0.044  │
│  Uptime                       42m 24s      Forward                 25s     1%    approx_kl                    0.041  │
│  Remaining                    17m 10s      Learn                 1m 8s     2%    clipfrac                     0.063  │
│                                            Misc                    21s     0%    explained_variance           0.968  │
│                                                                                                                      │
│  User Stats                                        Value    User Stats                                        Value  │
│  episode_return                                 1368.533    episode_length                                 1758.200  │
│                                                                                                                      │
│  Message: Checkpoint saved at update 216                                                                             │
╰──────────────────────────────────────────────────────────────────────────────────────────────────────────────────────╯

[0;0H╭──────────────────────────────────────────────────────────────────────────────────────────────────────────────────────╮
│  🐡 PufferLib 2.0.0                          CPU: 5379.0%       GPU: 18.7%        DRAM: 8.5%            VRAM: 97.3%  │
│                                                                                                                      │
│  Summary                        Value    Evaluate              40m 37s    95%    Losses                       Value  │
│  Environment               beam_rider      Forward             31m 39s    74%    policy_loss                 -0.002  │
│  Agent Steps                     6.7m      Env                   1m 8s     2%    value_loss                  12.999  │
│  SPS                             2.5k      Misc                 6m 54s    16%    entropy                      1.358  │
│  Epoch                            218    Train                  1m 57s     4%    old_approx_kl                0.038  │
│  Uptime                       42m 36s      Forward                 26s     1%    approx_kl                    0.041  │
│  Remaining                    16m 43s      Learn                 1m 9s     2%    clipfrac                     0.058  │
│                                            Misc                    21s     0%    explained_variance           0.975  │
│                                                                                                                      │
│  User Stats                                        Value    User Stats                                        Value  │
│  episode_return                                 1492.333    episode_length                                 1821.875  │
│                                                                                                                      │
│  Message: Checkpoint saved at update 216                                                                             │
╰──────────────────────────────────────────────────────────────────────────────────────────────────────────────────────╯

[0;0H╭──────────────────────────────────────────────────────────────────────────────────────────────────────────────────────╮
│  🐡 PufferLib 2.0.0                          CPU: 5372.0%       GPU: 16.1%        DRAM: 8.5%            VRAM: 97.3%  │
│                                                                                                                      │
│  Summary                        Value    Evaluate              40m 49s    95%    Losses                       Value  │
│  Environment               beam_rider      Forward             31m 48s    74%    policy_loss                 -0.002  │
│  Agent Steps                     6.7m      Env                   1m 8s     2%    value_loss                  14.137  │
│  SPS                             2.5k      Misc                 6m 56s    16%    entropy                      1.332  │
│  Epoch                            219    Train                  1m 58s     4%    old_approx_kl                0.044  │
│  Uptime                       42m 49s      Forward                 26s     1%    approx_kl                    0.043  │
│  Remaining                    16m 53s      Learn                 1m 9s     2%    clipfrac                     0.067  │
│                                            Misc                    22s     0%    explained_variance           0.970  │
│                                                                                                                      │
│  User Stats                                        Value    User Stats                                        Value  │
│  episode_return                                 1516.923    episode_length                                 1789.077  │
│                                                                                                                      │
│  Message: Checkpoint saved at update 216                                                                             │
╰──────────────────────────────────────────────────────────────────────────────────────────────────────────────────────╯

[0;0H╭──────────────────────────────────────────────────────────────────────────────────────────────────────────────────────╮
│  🐡 PufferLib 2.0.0                          CPU: 5354.5%       GPU: 14.7%        DRAM: 8.5%            VRAM: 97.3%  │
│                                                                                                                      │
│  Summary                        Value    Evaluate               41m 2s    95%    Losses                       Value  │
│  Environment               beam_rider      Forward             31m 58s    74%    policy_loss                 -0.001  │
│  Agent Steps                     6.8m      Env                   1m 8s     2%    value_loss                  10.157  │
│  SPS                             2.4k      Misc                 6m 58s    16%    entropy                      1.304  │
│  Epoch                            220    Train                  1m 58s     4%    old_approx_kl                0.043  │
│  Uptime                        43m 2s      Forward                 26s     1%    approx_kl                    0.045  │
│  Remaining                    16m 55s      Learn                 1m 9s     2%    clipfrac                     0.071  │
│                                            Misc                    22s     0%    explained_variance           0.980  │
│                                                                                                                      │
│  User Stats                                        Value    User Stats                                        Value  │
│  episode_return                                 1448.235    episode_length                                 1924.941  │
│                                                                                                                      │
│  Message: Checkpoint saved at update 219                                                                             │
╰──────────────────────────────────────────────────────────────────────────────────────────────────────────────────────╯

[0;0H╭──────────────────────────────────────────────────────────────────────────────────────────────────────────────────────╮
│  🐡 PufferLib 2.0.0                          CPU: 5379.5%       GPU: 15.7%        DRAM: 8.5%            VRAM: 97.3%  │
│                                                                                                                      │
│  Summary                        Value    Evaluate              41m 13s    95%    Losses                       Value  │
│  Environment               beam_rider      Forward              32m 6s    74%    policy_loss                  0.006  │
│  Agent Steps                     6.8m      Env                   1m 9s     2%    value_loss                  10.746  │
│  SPS                             2.6k      Misc                  7m 0s    16%    entropy                      1.316  │
│  Epoch                            221    Train                  1m 59s     4%    old_approx_kl                0.044  │
│  Uptime                       43m 14s      Forward                 26s     1%    approx_kl                    0.047  │
│  Remaining                    15m 40s      Learn                1m 10s     2%    clipfrac                     0.070  │
│                                            Misc                    22s     0%    explained_variance           0.979  │
│                                                                                                                      │
│  User Stats                                        Value    User Stats                                        Value  │
│  episode_return                                 1393.750    episode_length                                 1721.625  │
│                                                                                                                      │
│  Message: Checkpoint saved at update 219                                                                             │
╰──────────────────────────────────────────────────────────────────────────────────────────────────────────────────────╯

[0;0H╭──────────────────────────────────────────────────────────────────────────────────────────────────────────────────────╮
│  🐡 PufferLib 2.0.0                          CPU: 5380.0%       GPU: 16.8%        DRAM: 8.5%            VRAM: 97.3%  │
│                                                                                                                      │
│  Summary                        Value    Evaluate              41m 24s    95%    Losses                       Value  │
│  Environment               beam_rider      Forward             32m 15s    74%    policy_loss                 -0.004  │
│  Agent Steps                     6.8m      Env                   1m 9s     2%    value_loss                  11.012  │
│  SPS                             2.6k      Misc                  7m 2s    16%    entropy                      1.346  │
│  Epoch                            222    Train                  1m 59s     4%    old_approx_kl                0.047  │
│  Uptime                       43m 26s      Forward                 26s     1%    approx_kl                    0.045  │
│  Remaining                    15m 37s      Learn                1m 10s     2%    clipfrac                     0.067  │
│                                            Misc                    22s     0%    explained_variance           0.977  │
│                                                                                                                      │
│  User Stats                                        Value    User Stats                                        Value  │
│  episode_return                                 1319.789    episode_length                                 1689.526  │
│                                                                                                                      │
│  Message: Checkpoint saved at update 219                                                                             │
╰──────────────────────────────────────────────────────────────────────────────────────────────────────────────────────╯

[0;0H╭──────────────────────────────────────────────────────────────────────────────────────────────────────────────────────╮
│  🐡 PufferLib 2.0.0                          CPU: 5352.0%       GPU: 16.8%        DRAM: 8.5%            VRAM: 97.3%  │
│                                                                                                                      │
│  Summary                        Value    Evaluate              41m 36s    95%    Losses                       Value  │
│  Environment               beam_rider      Forward             32m 24s    74%    policy_loss                 -0.001  │
│  Agent Steps                     6.9m      Env                   1m 9s     2%    value_loss                  14.132  │
│  SPS                             2.5k      Misc                  7m 4s    16%    entropy                      1.289  │
│  Epoch                            223    Train                   2m 0s     4%    old_approx_kl                0.042  │
│  Uptime                       43m 38s      Forward                 26s     1%    approx_kl                    0.041  │
│  Remaining                    15m 36s      Learn                1m 10s     2%    clipfrac                     0.063  │
│                                            Misc                    22s     0%    explained_variance           0.972  │
│                                                                                                                      │
│  User Stats                                        Value    User Stats                                        Value  │
│  episode_return                                 1560.875    episode_length                                 1866.438  │
│                                                                                                                      │
│  Message: Checkpoint saved at update 222                                                                             │
╰──────────────────────────────────────────────────────────────────────────────────────────────────────────────────────╯

[0;0H╭──────────────────────────────────────────────────────────────────────────────────────────────────────────────────────╮
│  🐡 PufferLib 2.0.0                          CPU: 5370.0%       GPU: 18.4%        DRAM: 8.5%            VRAM: 97.3%  │
│                                                                                                                      │
│  Summary                        Value    Evaluate              41m 47s    95%    Losses                       Value  │
│  Environment               beam_rider      Forward             32m 33s    74%    policy_loss                 -0.001  │
│  Agent Steps                     6.9m      Env                  1m 10s     2%    value_loss                  10.392  │
│  SPS                             2.6k      Misc                  7m 6s    16%    entropy                      1.321  │
│  Epoch                            224    Train                   2m 1s     4%    old_approx_kl                0.046  │
│  Uptime                       43m 49s      Forward                 26s     1%    approx_kl                    0.045  │
│  Remaining                    14m 47s      Learn                1m 11s     2%    clipfrac                     0.069  │
│                                            Misc                    22s     0%    explained_variance           0.979  │
│                                                                                                                      │
│  User Stats                                        Value    User Stats                                        Value  │
│  episode_return                                 1426.316    episode_length                                 1763.947  │
│                                                                                                                      │
│  Message: Checkpoint saved at update 222                                                                             │
╰──────────────────────────────────────────────────────────────────────────────────────────────────────────────────────╯

[0;0H╭──────────────────────────────────────────────────────────────────────────────────────────────────────────────────────╮
│  🐡 PufferLib 2.0.0                          CPU: 5376.5%       GPU: 20.3%        DRAM: 8.5%            VRAM: 97.3%  │
│                                                                                                                      │
│  Summary                        Value    Evaluate              41m 59s    95%    Losses                       Value  │
│  Environment               beam_rider      Forward             32m 42s    74%    policy_loss                  0.000  │
│  Agent Steps                     6.9m      Env                  1m 10s     2%    value_loss                  11.439  │
│  SPS                             2.6k      Misc                  7m 8s    16%    entropy                      1.323  │
│  Epoch                            225    Train                   2m 1s     4%    old_approx_kl                0.039  │
│  Uptime                        44m 1s      Forward                 26s     1%    approx_kl                    0.038  │
│  Remaining                     15m 2s      Learn                1m 11s     2%    clipfrac                     0.056  │
│                                            Misc                    22s     0%    explained_variance           0.977  │
│                                                                                                                      │
│  User Stats                                        Value    User Stats                                        Value  │
│  episode_return                                 1481.000    episode_length                                 1821.625  │
│                                                                                                                      │
│  Message: Checkpoint saved at update 222                                                                             │
╰──────────────────────────────────────────────────────────────────────────────────────────────────────────────────────╯

[0;0H╭──────────────────────────────────────────────────────────────────────────────────────────────────────────────────────╮
│  🐡 PufferLib 2.0.0                          CPU: 5361.0%       GPU: 17.8%        DRAM: 8.5%            VRAM: 97.3%  │
│                                                                                                                      │
│  Summary                        Value    Evaluate              42m 10s    95%    Losses                       Value  │
│  Environment               beam_rider      Forward             32m 51s    74%    policy_loss                 -0.001  │
│  Agent Steps                     6.9m      Env                  1m 10s     2%    value_loss                  10.705  │
│  SPS                             2.5k      Misc                 7m 10s    16%    entropy                      1.305  │
│  Epoch                            226    Train                   2m 2s     4%    old_approx_kl                0.044  │
│  Uptime                       44m 14s      Forward                 26s     1%    approx_kl                    0.043  │
│  Remaining                     15m 9s      Learn                1m 11s     2%    clipfrac                     0.064  │
│                                            Misc                    22s     0%    explained_variance           0.981  │
│                                                                                                                      │
│  User Stats                                        Value    User Stats                                        Value  │
│  episode_return                                 1420.148    episode_length                                 1714.556  │
│                                                                                                                      │
│  Message: Checkpoint saved at update 225                                                                             │
╰──────────────────────────────────────────────────────────────────────────────────────────────────────────────────────╯

[0;0H╭──────────────────────────────────────────────────────────────────────────────────────────────────────────────────────╮
│  🐡 PufferLib 2.0.0                          CPU: 5378.0%       GPU: 15.6%        DRAM: 8.5%            VRAM: 97.3%  │
│                                                                                                                      │
│  Summary                        Value    Evaluate              42m 22s    95%    Losses                       Value  │
│  Environment               beam_rider      Forward              33m 0s    74%    policy_loss                 -0.001  │
│  Agent Steps                     7.0m      Env                  1m 11s     2%    value_loss                   9.790  │
│  SPS                             2.5k      Misc                 7m 12s    16%    entropy                      1.216  │
│  Epoch                            227    Train                   2m 2s     4%    old_approx_kl                0.047  │
│  Uptime                       44m 26s      Forward                 27s     1%    approx_kl                    0.044  │
│  Remaining                    14m 53s      Learn                1m 12s     2%    clipfrac                     0.065  │
│                                            Misc                    22s     0%    explained_variance           0.982  │
│                                                                                                                      │
│  User Stats                                        Value    User Stats                                        Value  │
│  episode_return                                 1441.000    episode_length                                 1738.583  │
│                                                                                                                      │
│  Message: Checkpoint saved at update 225                                                                             │
╰──────────────────────────────────────────────────────────────────────────────────────────────────────────────────────╯

[0;0H╭──────────────────────────────────────────────────────────────────────────────────────────────────────────────────────╮
│  🐡 PufferLib 2.0.0                          CPU: 5377.0%       GPU: 15.8%        DRAM: 8.5%            VRAM: 97.3%  │
│                                                                                                                      │
│  Summary                        Value    Evaluate              42m 34s    95%    Losses                       Value  │
│  Environment               beam_rider      Forward              33m 9s    74%    policy_loss                 -0.006  │
│  Agent Steps                     7.0m      Env                  1m 11s     2%    value_loss                  10.149  │
│  SPS                             2.5k      Misc                 7m 14s    16%    entropy                      1.270  │
│  Epoch                            228    Train                   2m 3s     4%    old_approx_kl                0.048  │
│  Uptime                       44m 38s      Forward                 27s     1%    approx_kl                    0.046  │
│  Remaining                    14m 47s      Learn                1m 12s     2%    clipfrac                     0.068  │
│                                            Misc                    22s     0%    explained_variance           0.982  │
│                                                                                                                      │
│  User Stats                                        Value    User Stats                                        Value  │
│  episode_return                                 1310.400    episode_length                                 1577.400  │
│                                                                                                                      │
│  Message: Checkpoint saved at update 225                                                                             │
╰──────────────────────────────────────────────────────────────────────────────────────────────────────────────────────╯

[0;0H╭──────────────────────────────────────────────────────────────────────────────────────────────────────────────────────╮
│  🐡 PufferLib 2.0.0                          CPU: 5362.0%       GPU: 17.8%        DRAM: 8.5%            VRAM: 97.3%  │
│                                                                                                                      │
│  Summary                        Value    Evaluate              42m 46s    95%    Losses                       Value  │
│  Environment               beam_rider      Forward             33m 19s    74%    policy_loss                 -0.002  │
│  Agent Steps                     7.0m      Env                  1m 11s     2%    value_loss                  11.010  │
│  SPS                             2.5k      Misc                 7m 16s    16%    entropy                      1.302  │
│  Epoch                            229    Train                   2m 3s     4%    old_approx_kl                0.040  │
│  Uptime                       44m 51s      Forward                 27s     1%    approx_kl                    0.038  │
│  Remaining                    14m 39s      Learn                1m 12s     2%    clipfrac                     0.055  │
│                                            Misc                    23s     0%    explained_variance           0.978  │
│                                                                                                                      │
│  User Stats                                        Value    User Stats                                        Value  │
│  episode_return                                 1308.471    episode_length                                 1627.118  │
│                                                                                                                      │
│  Message: Checkpoint saved at update 228                                                                             │
╰──────────────────────────────────────────────────────────────────────────────────────────────────────────────────────╯

[0;0H╭──────────────────────────────────────────────────────────────────────────────────────────────────────────────────────╮
│  🐡 PufferLib 2.0.0                          CPU: 5377.5%       GPU: 15.6%        DRAM: 8.5%            VRAM: 97.3%  │
│                                                                                                                      │
│  Summary                        Value    Evaluate              42m 57s    95%    Losses                       Value  │
│  Environment               beam_rider      Forward             33m 28s    74%    policy_loss                 -0.002  │
│  Agent Steps                     7.1m      Env                  1m 12s     2%    value_loss                  10.548  │
│  SPS                             2.5k      Misc                 7m 18s    16%    entropy                      1.288  │
│  Epoch                            230    Train                   2m 4s     4%    old_approx_kl                0.041  │
│  Uptime                        45m 3s      Forward                 27s     1%    approx_kl                    0.037  │
│  Remaining                    14m 24s      Learn                1m 13s     2%    clipfrac                     0.055  │
│                                            Misc                    23s     0%    explained_variance           0.981  │
│                                                                                                                      │
│  User Stats                                        Value    User Stats                                        Value  │
│  episode_return                                 1396.000    episode_length                                 1705.750  │
│                                                                                                                      │
│  Message: Checkpoint saved at update 228                                                                             │
╰──────────────────────────────────────────────────────────────────────────────────────────────────────────────────────╯

[0;0H╭──────────────────────────────────────────────────────────────────────────────────────────────────────────────────────╮
│  🐡 PufferLib 2.0.0                          CPU: 5379.5%       GPU: 15.6%        DRAM: 8.5%            VRAM: 97.3%  │
│                                                                                                                      │
│  Summary                        Value    Evaluate               43m 9s    95%    Losses                       Value  │
│  Environment               beam_rider      Forward             33m 37s    74%    policy_loss                 -0.001  │
│  Agent Steps                     7.1m      Env                  1m 12s     2%    value_loss                  11.957  │
│  SPS                             2.6k      Misc                 7m 20s    16%    entropy                      1.290  │
│  Epoch                            231    Train                   2m 4s     4%    old_approx_kl                0.039  │
│  Uptime                       45m 15s      Forward                 27s     1%    approx_kl                    0.040  │
│  Remaining                    13m 45s      Learn                1m 13s     2%    clipfrac                     0.055  │
│                                            Misc                    23s     0%    explained_variance           0.980  │
│                                                                                                                      │
│  User Stats                                        Value    User Stats                                        Value  │
│  episode_return                                 1484.400    episode_length                                 1770.450  │
│                                                                                                                      │
│  Message: Checkpoint saved at update 228                                                                             │
╰──────────────────────────────────────────────────────────────────────────────────────────────────────────────────────╯

[0;0H╭──────────────────────────────────────────────────────────────────────────────────────────────────────────────────────╮
│  🐡 PufferLib 2.0.0                          CPU: 5364.5%       GPU: 15.8%        DRAM: 8.5%            VRAM: 97.3%  │
│                                                                                                                      │
│  Summary                        Value    Evaluate              43m 20s    95%    Losses                       Value  │
│  Environment               beam_rider      Forward             33m 46s    74%    policy_loss                 -0.002  │
│  Agent Steps                     7.1m      Env                  1m 12s     2%    value_loss                  11.043  │
│  SPS                             2.6k      Misc                 7m 22s    16%    entropy                      1.255  │
│  Epoch                            232    Train                   2m 5s     4%    old_approx_kl                0.046  │
│  Uptime                       45m 27s      Forward                 27s     1%    approx_kl                    0.043  │
│  Remaining                    13m 27s      Learn                1m 13s     2%    clipfrac                     0.069  │
│                                            Misc                    23s     0%    explained_variance           0.980  │
│                                                                                                                      │
│  User Stats                                        Value    User Stats                                        Value  │
│  episode_return                                 1384.941    episode_length                                 1698.235  │
│                                                                                                                      │
│  Message: Checkpoint saved at update 231                                                                             │
╰──────────────────────────────────────────────────────────────────────────────────────────────────────────────────────╯

[0;0H╭──────────────────────────────────────────────────────────────────────────────────────────────────────────────────────╮
│  🐡 PufferLib 2.0.0                          CPU: 5380.0%       GPU: 15.4%        DRAM: 8.5%            VRAM: 97.3%  │
│                                                                                                                      │
│  Summary                        Value    Evaluate              43m 32s    95%    Losses                       Value  │
│  Environment               beam_rider      Forward             33m 55s    74%    policy_loss                 -0.003  │
│  Agent Steps                     7.2m      Env                  1m 13s     2%    value_loss                  13.086  │
│  SPS                             2.5k      Misc                 7m 24s    16%    entropy                      1.309  │
│  Epoch                            233    Train                   2m 5s     4%    old_approx_kl                0.044  │
│  Uptime                       45m 39s      Forward                 27s     1%    approx_kl                    0.044  │
│  Remaining                    13m 56s      Learn                1m 13s     2%    clipfrac                     0.066  │
│                                            Misc                    23s     0%    explained_variance           0.972  │
│                                                                                                                      │
│  User Stats                                        Value    User Stats                                        Value  │
│  episode_return                                 1349.500    episode_length                                 1652.125  │
│                                                                                                                      │
│  Message: Checkpoint saved at update 231                                                                             │
╰──────────────────────────────────────────────────────────────────────────────────────────────────────────────────────╯

[0;0H╭──────────────────────────────────────────────────────────────────────────────────────────────────────────────────────╮
│  🐡 PufferLib 2.0.0                          CPU: 5374.5%       GPU: 17.1%        DRAM: 8.5%            VRAM: 97.3%  │
│                                                                                                                      │
│  Summary                        Value    Evaluate              43m 44s    95%    Losses                       Value  │
│  Environment               beam_rider      Forward              34m 4s    74%    policy_loss                 -0.002  │
│  Agent Steps                     7.2m      Env                  1m 13s     2%    value_loss                  13.709  │
│  SPS                             2.4k      Misc                 7m 26s    16%    entropy                      1.289  │
│  Epoch                            234    Train                   2m 6s     4%    old_approx_kl                0.041  │
│  Uptime                       45m 52s      Forward                 27s     1%    approx_kl                    0.038  │
│  Remaining                    13m 49s      Learn                1m 14s     2%    clipfrac                     0.058  │
│                                            Misc                    23s     0%    explained_variance           0.974  │
│                                                                                                                      │
│  User Stats                                        Value    User Stats                                        Value  │
│  episode_return                                 1635.692    episode_length                                 1933.846  │
│                                                                                                                      │
│  Message: Checkpoint saved at update 231                                                                             │
╰──────────────────────────────────────────────────────────────────────────────────────────────────────────────────────╯

[0;0H╭──────────────────────────────────────────────────────────────────────────────────────────────────────────────────────╮
│  🐡 PufferLib 2.0.0                          CPU: 5361.0%       GPU: 18.1%        DRAM: 8.5%            VRAM: 97.3%  │
│                                                                                                                      │
│  Summary                        Value    Evaluate              43m 55s    95%    Losses                       Value  │
│  Environment               beam_rider      Forward             34m 13s    74%    policy_loss                 -0.001  │
│  Agent Steps                     7.2m      Env                  1m 13s     2%    value_loss                  10.632  │
│  SPS                             2.6k      Misc                 7m 28s    16%    entropy                      1.271  │
│  Epoch                            235    Train                   2m 7s     4%    old_approx_kl                0.047  │
│  Uptime                        46m 3s      Forward                 28s     1%    approx_kl                    0.044  │
│  Remaining                    12m 34s      Learn                1m 14s     2%    clipfrac                     0.067  │
│                                            Misc                    23s     0%    explained_variance           0.981  │
│                                                                                                                      │
│  User Stats                                        Value    User Stats                                        Value  │
│  episode_return                                 1530.824    episode_length                                 1860.882  │
│                                                                                                                      │
│  Message: Checkpoint saved at update 234                                                                             │
╰──────────────────────────────────────────────────────────────────────────────────────────────────────────────────────╯

[0;0H╭──────────────────────────────────────────────────────────────────────────────────────────────────────────────────────╮
│  🐡 PufferLib 2.0.0                          CPU: 5377.0%       GPU: 20.4%        DRAM: 8.5%            VRAM: 97.3%  │
│                                                                                                                      │
│  Summary                        Value    Evaluate               44m 7s    95%    Losses                       Value  │
│  Environment               beam_rider      Forward             34m 22s    74%    policy_loss                  0.000  │
│  Agent Steps                     7.2m      Env                  1m 14s     2%    value_loss                  11.864  │
│  SPS                             2.5k      Misc                 7m 30s    16%    entropy                      1.257  │
│  Epoch                            236    Train                   2m 7s     4%    old_approx_kl                0.052  │
│  Uptime                       46m 16s      Forward                 28s     1%    approx_kl                    0.050  │
│  Remaining                     13m 2s      Learn                1m 14s     2%    clipfrac                     0.074  │
│                                            Misc                    23s     0%    explained_variance           0.980  │
│                                                                                                                      │
│  User Stats                                        Value    User Stats                                        Value  │
│  episode_return                                 1607.778    episode_length                                 1942.444  │
│                                                                                                                      │
│  Message: Checkpoint saved at update 234                                                                             │
╰──────────────────────────────────────────────────────────────────────────────────────────────────────────────────────╯

[0;0H╭──────────────────────────────────────────────────────────────────────────────────────────────────────────────────────╮
│  🐡 PufferLib 2.0.0                          CPU: 5376.5%       GPU: 18.1%        DRAM: 8.5%            VRAM: 97.3%  │
│                                                                                                                      │
│  Summary                        Value    Evaluate              44m 19s    95%    Losses                       Value  │
│  Environment               beam_rider      Forward             34m 31s    74%    policy_loss                 -0.005  │
│  Agent Steps                     7.3m      Env                  1m 14s     2%    value_loss                   9.682  │
│  SPS                             2.5k      Misc                 7m 32s    16%    entropy                      1.277  │
│  Epoch                            237    Train                   2m 8s     4%    old_approx_kl                0.043  │
│  Uptime                       46m 28s      Forward                 28s     1%    approx_kl                    0.042  │
│  Remaining                    12m 46s      Learn                1m 15s     2%    clipfrac                     0.065  │
│                                            Misc                    23s     0%    explained_variance           0.981  │
│                                                                                                                      │
│  User Stats                                        Value    User Stats                                        Value  │
│  episode_return                                 1280.000    episode_length                                 1577.000  │
│                                                                                                                      │
│  Message: Checkpoint saved at update 234                                                                             │
╰──────────────────────────────────────────────────────────────────────────────────────────────────────────────────────╯

[0;0H╭──────────────────────────────────────────────────────────────────────────────────────────────────────────────────────╮
│  🐡 PufferLib 2.0.0                          CPU: 5365.0%       GPU: 15.8%        DRAM: 8.5%            VRAM: 97.3%  │
│                                                                                                                      │
│  Summary                        Value    Evaluate              44m 30s    95%    Losses                       Value  │
│  Environment               beam_rider      Forward             34m 40s    74%    policy_loss                  0.000  │
│  Agent Steps                     7.3m      Env                  1m 14s     2%    value_loss                   9.806  │
│  SPS                             2.5k      Misc                 7m 34s    16%    entropy                      1.232  │
│  Epoch                            238    Train                   2m 8s     4%    old_approx_kl                0.047  │
│  Uptime                       46m 40s      Forward                 28s     1%    approx_kl                    0.045  │
│  Remaining                    12m 31s      Learn                1m 15s     2%    clipfrac                     0.071  │
│                                            Misc                    24s     0%    explained_variance           0.983  │
│                                                                                                                      │
│  User Stats                                        Value    User Stats                                        Value  │
│  episode_return                                 1261.895    episode_length                                 1636.737  │
│                                                                                                                      │
│  Message: Checkpoint saved at update 237                                                                             │
╰──────────────────────────────────────────────────────────────────────────────────────────────────────────────────────╯

[0;0H╭──────────────────────────────────────────────────────────────────────────────────────────────────────────────────────╮
│  🐡 PufferLib 2.0.0                          CPU: 5377.0%       GPU: 15.0%        DRAM: 8.5%            VRAM: 97.3%  │
│                                                                                                                      │
│  Summary                        Value    Evaluate              44m 42s    95%    Losses                       Value  │
│  Environment               beam_rider      Forward             34m 49s    74%    policy_loss                 -0.000  │
│  Agent Steps                     7.3m      Env                  1m 15s     2%    value_loss                   9.623  │
│  SPS                             2.5k      Misc                 7m 36s    16%    entropy                      1.274  │
│  Epoch                            239    Train                   2m 9s     4%    old_approx_kl                0.042  │
│  Uptime                       46m 52s      Forward                 28s     1%    approx_kl                    0.040  │
│  Remaining                    12m 34s      Learn                1m 15s     2%    clipfrac                     0.062  │
│                                            Misc                    24s     0%    explained_variance           0.982  │
│                                                                                                                      │
│  User Stats                                        Value    User Stats                                        Value  │
│  episode_return                                 1341.867    episode_length                                 1686.667  │
│                                                                                                                      │
│  Message: Checkpoint saved at update 237                                                                             │
╰──────────────────────────────────────────────────────────────────────────────────────────────────────────────────────╯

[0;0H╭──────────────────────────────────────────────────────────────────────────────────────────────────────────────────────╮
│  🐡 PufferLib 2.0.0                          CPU: 5376.5%       GPU: 19.8%        DRAM: 8.5%            VRAM: 97.3%  │
│                                                                                                                      │
│  Summary                        Value    Evaluate              44m 54s    95%    Losses                       Value  │
│  Environment               beam_rider      Forward             34m 59s    74%    policy_loss                 -0.004  │
│  Agent Steps                     7.4m      Env                  1m 15s     2%    value_loss                  11.285  │
│  SPS                             2.5k      Misc                 7m 38s    16%    entropy                      1.220  │
│  Epoch                            240    Train                   2m 9s     4%    old_approx_kl                0.037  │
│  Uptime                        47m 5s      Forward                 28s     1%    approx_kl                    0.040  │
│  Remaining                    12m 13s      Learn                1m 16s     2%    clipfrac                     0.055  │
│                                            Misc                    24s     0%    explained_variance           0.979  │
│                                                                                                                      │
│  User Stats                                        Value    User Stats                                        Value  │
│  episode_return                                 1419.667    episode_length                                 1803.083  │
│                                                                                                                      │
│  Message: Checkpoint saved at update 237                                                                             │
╰──────────────────────────────────────────────────────────────────────────────────────────────────────────────────────╯

[0;0H╭──────────────────────────────────────────────────────────────────────────────────────────────────────────────────────╮
│  🐡 PufferLib 2.0.0                          CPU: 5361.5%       GPU: 19.6%        DRAM: 8.5%            VRAM: 97.3%  │
│                                                                                                                      │
│  Summary                        Value    Evaluate               45m 5s    95%    Losses                       Value  │
│  Environment               beam_rider      Forward              35m 8s    74%    policy_loss                 -0.003  │
│  Agent Steps                     7.4m      Env                  1m 15s     2%    value_loss                  10.973  │
│  SPS                             2.5k      Misc                 7m 40s    16%    entropy                      1.233  │
│  Epoch                            241    Train                  2m 10s     4%    old_approx_kl                0.037  │
│  Uptime                       47m 17s      Forward                 28s     1%    approx_kl                    0.037  │
│  Remaining                     12m 3s      Learn                1m 16s     2%    clipfrac                     0.054  │
│                                            Misc                    24s     0%    explained_variance           0.981  │
│                                                                                                                      │
│  User Stats                                        Value    User Stats                                        Value  │
│  episode_return                                 1643.048    episode_length                                 1872.571  │
│                                                                                                                      │
│  Message: Checkpoint saved at update 240                                                                             │
╰──────────────────────────────────────────────────────────────────────────────────────────────────────────────────────╯

[0;0H╭──────────────────────────────────────────────────────────────────────────────────────────────────────────────────────╮
│  🐡 PufferLib 2.0.0                          CPU: 5377.5%       GPU: 16.9%        DRAM: 8.5%            VRAM: 97.3%  │
│                                                                                                                      │
│  Summary                        Value    Evaluate              45m 17s    95%    Losses                       Value  │
│  Environment               beam_rider      Forward             35m 17s    74%    policy_loss                 -0.003  │
│  Agent Steps                     7.4m      Env                  1m 16s     2%    value_loss                  14.535  │
│  SPS                             2.5k      Misc                 7m 42s    16%    entropy                      1.207  │
│  Epoch                            242    Train                  2m 10s     4%    old_approx_kl                0.035  │
│  Uptime                       47m 29s      Forward                 28s     1%    approx_kl                    0.038  │
│  Remaining                     12m 2s      Learn                1m 16s     2%    clipfrac                     0.051  │
│                                            Misc                    24s     0%    explained_variance           0.975  │
│                                                                                                                      │
│  User Stats                                        Value    User Stats                                        Value  │
│  episode_return                                 1588.316    episode_length                                 1929.579  │
│                                                                                                                      │
│  Message: Checkpoint saved at update 240                                                                             │
╰──────────────────────────────────────────────────────────────────────────────────────────────────────────────────────╯

[0;0H╭──────────────────────────────────────────────────────────────────────────────────────────────────────────────────────╮
│  🐡 PufferLib 2.0.0                          CPU: 5372.0%       GPU: 17.6%        DRAM: 8.5%            VRAM: 97.3%  │
│                                                                                                                      │
│  Summary                        Value    Evaluate              45m 29s    95%    Losses                       Value  │
│  Environment               beam_rider      Forward             35m 26s    74%    policy_loss                 -0.003  │
│  Agent Steps                     7.5m      Env                  1m 16s     2%    value_loss                  10.284  │
│  SPS                             2.4k      Misc                 7m 44s    16%    entropy                      1.204  │
│  Epoch                            243    Train                  2m 11s     4%    old_approx_kl                0.038  │
│  Uptime                       47m 42s      Forward                 29s     1%    approx_kl                    0.038  │
│  Remaining                    11m 58s      Learn                1m 17s     2%    clipfrac                     0.054  │
│                                            Misc                    24s     0%    explained_variance           0.982  │
│                                                                                                                      │
│  User Stats                                        Value    User Stats                                        Value  │
│  episode_return                                 1480.632    episode_length                                 1781.105  │
│                                                                                                                      │
│  Message: Checkpoint saved at update 240                                                                             │
╰──────────────────────────────────────────────────────────────────────────────────────────────────────────────────────╯

[0;0H╭──────────────────────────────────────────────────────────────────────────────────────────────────────────────────────╮
│  🐡 PufferLib 2.0.0                          CPU: 5354.5%       GPU: 16.1%        DRAM: 8.5%            VRAM: 97.3%  │
│                                                                                                                      │
│  Summary                        Value    Evaluate              45m 41s    95%    Losses                       Value  │
│  Environment               beam_rider      Forward             35m 36s    74%    policy_loss                 -0.002  │
│  Agent Steps                     7.5m      Env                  1m 16s     2%    value_loss                   9.637  │
│  SPS                             2.4k      Misc                 7m 46s    16%    entropy                      1.190  │
│  Epoch                            244    Train                  2m 11s     4%    old_approx_kl                0.044  │
│  Uptime                       47m 55s      Forward                 29s     1%    approx_kl                    0.042  │
│  Remaining                    11m 48s      Learn                1m 17s     2%    clipfrac                     0.063  │
│                                            Misc                    24s     0%    explained_variance           0.983  │
│                                                                                                                      │
│  User Stats                                        Value    User Stats                                        Value  │
│  episode_return                                 1268.000    episode_length                                 1583.133  │
│                                                                                                                      │
│  Message: Checkpoint saved at update 243                                                                             │
╰──────────────────────────────────────────────────────────────────────────────────────────────────────────────────────╯

[0;0H╭──────────────────────────────────────────────────────────────────────────────────────────────────────────────────────╮
│  🐡 PufferLib 2.0.0                          CPU: 5371.0%       GPU: 17.1%        DRAM: 8.5%            VRAM: 97.3%  │
│                                                                                                                      │
│  Summary                        Value    Evaluate              45m 53s    95%    Losses                       Value  │
│  Environment               beam_rider      Forward             35m 45s    74%    policy_loss                 -0.003  │
│  Agent Steps                     7.5m      Env                  1m 17s     2%    value_loss                  16.247  │
│  SPS                             2.4k      Misc                 7m 48s    16%    entropy                      1.251  │
│  Epoch                            245    Train                  2m 12s     4%    old_approx_kl                0.036  │
│  Uptime                        48m 7s      Forward                 29s     1%    approx_kl                    0.037  │
│  Remaining                    11m 31s      Learn                1m 17s     2%    clipfrac                     0.057  │
│                                            Misc                    24s     0%    explained_variance           0.970  │
│                                                                                                                      │
│  User Stats                                        Value    User Stats                                        Value  │
│  episode_return                                 1573.647    episode_length                                 1776.000  │
│                                                                                                                      │
│  Message: Checkpoint saved at update 243                                                                             │
╰──────────────────────────────────────────────────────────────────────────────────────────────────────────────────────╯

[0;0H╭──────────────────────────────────────────────────────────────────────────────────────────────────────────────────────╮
│  🐡 PufferLib 2.0.0                          CPU: 5370.0%       GPU: 16.9%        DRAM: 8.5%            VRAM: 97.3%  │
│                                                                                                                      │
│  Summary                        Value    Evaluate               46m 5s    95%    Losses                       Value  │
│  Environment               beam_rider      Forward             35m 55s    74%    policy_loss                 -0.002  │
│  Agent Steps                     7.6m      Env                  1m 17s     2%    value_loss                  10.598  │
│  SPS                             2.4k      Misc                 7m 50s    16%    entropy                      1.198  │
│  Epoch                            246    Train                  2m 13s     4%    old_approx_kl                0.048  │
│  Uptime                       48m 20s      Forward                 29s     1%    approx_kl                    0.048  │
│  Remaining                    11m 20s      Learn                1m 18s     2%    clipfrac                     0.074  │
│                                            Misc                    24s     0%    explained_variance           0.983  │
│                                                                                                                      │
│  User Stats                                        Value    User Stats                                        Value  │
│  episode_return                                 1449.714    episode_length                                 1748.905  │
│                                                                                                                      │
│  Message: Checkpoint saved at update 243                                                                             │
╰──────────────────────────────────────────────────────────────────────────────────────────────────────────────────────╯

[0;0H╭──────────────────────────────────────────────────────────────────────────────────────────────────────────────────────╮
│  🐡 PufferLib 2.0.0                          CPU: 5355.0%       GPU: 17.1%        DRAM: 8.5%            VRAM: 97.3%  │
│                                                                                                                      │
│  Summary                        Value    Evaluate              46m 17s    95%    Losses                       Value  │
│  Environment               beam_rider      Forward              36m 4s    74%    policy_loss                 -0.003  │
│  Agent Steps                     7.6m      Env                  1m 17s     2%    value_loss                  13.674  │
│  SPS                             2.5k      Misc                 7m 52s    16%    entropy                      1.172  │
│  Epoch                            247    Train                  2m 13s     4%    old_approx_kl                0.044  │
│  Uptime                       48m 32s      Forward                 29s     1%    approx_kl                    0.043  │
│  Remaining                     11m 2s      Learn                1m 18s     2%    clipfrac                     0.063  │
│                                            Misc                    25s     0%    explained_variance           0.976  │
│                                                                                                                      │
│  User Stats                                        Value    User Stats                                        Value  │
│  episode_return                                 1281.750    episode_length                                 1594.688  │
│                                                                                                                      │
│  Message: Checkpoint saved at update 246                                                                             │
╰──────────────────────────────────────────────────────────────────────────────────────────────────────────────────────╯

[0;0H╭──────────────────────────────────────────────────────────────────────────────────────────────────────────────────────╮
│  🐡 PufferLib 2.0.0                          CPU: 5372.0%       GPU: 15.8%        DRAM: 8.5%            VRAM: 97.3%  │
│                                                                                                                      │
│  Summary                        Value    Evaluate              46m 29s    95%    Losses                       Value  │
│  Environment               beam_rider      Forward             36m 13s    74%    policy_loss                 -0.002  │
│  Agent Steps                     7.6m      Env                  1m 17s     2%    value_loss                  10.360  │
│  SPS                             2.5k      Misc                 7m 54s    16%    entropy                      1.232  │
│  Epoch                            248    Train                  2m 14s     4%    old_approx_kl                0.043  │
│  Uptime                       48m 45s      Forward                 29s     1%    approx_kl                    0.041  │
│  Remaining                    10m 41s      Learn                1m 18s     2%    clipfrac                     0.063  │
│                                            Misc                    25s     0%    explained_variance           0.982  │
│                                                                                                                      │
│  User Stats                                        Value    User Stats                                        Value  │
│  episode_return                                 1405.600    episode_length                                 1651.867  │
│                                                                                                                      │
│  Message: Checkpoint saved at update 246                                                                             │
╰──────────────────────────────────────────────────────────────────────────────────────────────────────────────────────╯

[0;0H╭──────────────────────────────────────────────────────────────────────────────────────────────────────────────────────╮
│  🐡 PufferLib 2.0.0                          CPU: 5374.5%       GPU: 19.6%        DRAM: 8.5%            VRAM: 97.3%  │
│                                                                                                                      │
│  Summary                        Value    Evaluate              46m 41s    95%    Losses                       Value  │
│  Environment               beam_rider      Forward             36m 22s    74%    policy_loss                  0.001  │
│  Agent Steps                     7.6m      Env                  1m 18s     2%    value_loss                  13.377  │
│  SPS                             2.5k      Misc                 7m 56s    16%    entropy                      1.243  │
│  Epoch                            249    Train                  2m 14s     4%    old_approx_kl                0.041  │
│  Uptime                       48m 57s      Forward                 29s     1%    approx_kl                    0.040  │
│  Remaining                    10m 29s      Learn                1m 18s     2%    clipfrac                     0.059  │
│                                            Misc                    25s     0%    explained_variance           0.975  │
│                                                                                                                      │
│  User Stats                                        Value    User Stats                                        Value  │
│  episode_return                                 1523.250    episode_length                                 1798.562  │
│                                                                                                                      │
│  Message: Checkpoint saved at update 246                                                                             │
╰──────────────────────────────────────────────────────────────────────────────────────────────────────────────────────╯

[0;0H╭──────────────────────────────────────────────────────────────────────────────────────────────────────────────────────╮
│  🐡 PufferLib 2.0.0                          CPU: 5357.0%       GPU: 17.4%        DRAM: 8.5%            VRAM: 97.3%  │
│                                                                                                                      │
│  Summary                        Value    Evaluate              46m 53s    95%    Losses                       Value  │
│  Environment               beam_rider      Forward             36m 32s    74%    policy_loss                 -0.001  │
│  Agent Steps                     7.7m      Env                  1m 18s     2%    value_loss                  13.176  │
│  SPS                             2.5k      Misc                 7m 58s    16%    entropy                      1.229  │
│  Epoch                            250    Train                  2m 15s     4%    old_approx_kl                0.044  │
│  Uptime                        49m 9s      Forward                 30s     1%    approx_kl                    0.040  │
│  Remaining                    10m 21s      Learn                1m 19s     2%    clipfrac                     0.060  │
│                                            Misc                    25s     0%    explained_variance           0.978  │
│                                                                                                                      │
│  User Stats                                        Value    User Stats                                        Value  │
│  episode_return                                 1631.130    episode_length                                 1821.261  │
│                                                                                                                      │
│  Message: Checkpoint saved at update 249                                                                             │
╰──────────────────────────────────────────────────────────────────────────────────────────────────────────────────────╯

[0;0H╭──────────────────────────────────────────────────────────────────────────────────────────────────────────────────────╮
│  🐡 PufferLib 2.0.0                          CPU: 5372.0%       GPU: 15.3%        DRAM: 8.5%            VRAM: 97.3%  │
│                                                                                                                      │
│  Summary                        Value    Evaluate               47m 5s    95%    Losses                       Value  │
│  Environment               beam_rider      Forward             36m 41s    74%    policy_loss                 -0.002  │
│  Agent Steps                     7.7m      Env                  1m 18s     2%    value_loss                   9.415  │
│  SPS                             2.5k      Misc                  8m 0s    16%    entropy                      1.215  │
│  Epoch                            251    Train                  2m 15s     4%    old_approx_kl                0.040  │
│  Uptime                       49m 22s      Forward                 30s     1%    approx_kl                    0.038  │
│  Remaining                     10m 5s      Learn                1m 19s     2%    clipfrac                     0.056  │
│                                            Misc                    25s     0%    explained_variance           0.985  │
│                                                                                                                      │
│  User Stats                                        Value    User Stats                                        Value  │
│  episode_return                                 1539.556    episode_length                                 1873.333  │
│                                                                                                                      │
│  Message: Checkpoint saved at update 249                                                                             │
╰──────────────────────────────────────────────────────────────────────────────────────────────────────────────────────╯

[0;0H╭──────────────────────────────────────────────────────────────────────────────────────────────────────────────────────╮
│  🐡 PufferLib 2.0.0                          CPU: 5372.0%       GPU: 18.4%        DRAM: 8.5%            VRAM: 97.3%  │
│                                                                                                                      │
│  Summary                        Value    Evaluate              47m 16s    95%    Losses                       Value  │
│  Environment               beam_rider      Forward             36m 50s    74%    policy_loss                 -0.002  │
│  Agent Steps                     7.7m      Env                  1m 19s     2%    value_loss                  10.616  │
│  SPS                             2.5k      Misc                  8m 1s    16%    entropy                      1.261  │
│  Epoch                            252    Train                  2m 16s     4%    old_approx_kl                0.047  │
│  Uptime                       49m 34s      Forward                 30s     1%    approx_kl                    0.049  │
│  Remaining                     9m 51s      Learn                1m 19s     2%    clipfrac                     0.066  │
│                                            Misc                    25s     0%    explained_variance           0.982  │
│                                                                                                                      │
│  User Stats                                        Value    User Stats                                        Value  │
│  episode_return                                 1421.067    episode_length                                 1670.267  │
│                                                                                                                      │
│  Message: Checkpoint saved at update 249                                                                             │
╰──────────────────────────────────────────────────────────────────────────────────────────────────────────────────────╯

[0;0H╭──────────────────────────────────────────────────────────────────────────────────────────────────────────────────────╮
│  🐡 PufferLib 2.0.0                          CPU: 5354.5%       GPU: 16.0%        DRAM: 8.5%            VRAM: 97.3%  │
│                                                                                                                      │
│  Summary                        Value    Evaluate              47m 28s    95%    Losses                       Value  │
│  Environment               beam_rider      Forward             36m 59s    74%    policy_loss                 -0.003  │
│  Agent Steps                     7.8m      Env                  1m 19s     2%    value_loss                  10.881  │
│  SPS                             2.5k      Misc                  8m 3s    16%    entropy                      1.198  │
│  Epoch                            253    Train                  2m 17s     4%    old_approx_kl                0.041  │
│  Uptime                       49m 46s      Forward                 30s     1%    approx_kl                    0.042  │
│  Remaining                     9m 41s      Learn                1m 20s     2%    clipfrac                     0.065  │
│                                            Misc                    25s     0%    explained_variance           0.982  │
│                                                                                                                      │
│  User Stats                                        Value    User Stats                                        Value  │
│  episode_return                                 1342.667    episode_length                                 1635.917  │
│                                                                                                                      │
│  Message: Checkpoint saved at update 252                                                                             │
╰──────────────────────────────────────────────────────────────────────────────────────────────────────────────────────╯

[0;0H╭──────────────────────────────────────────────────────────────────────────────────────────────────────────────────────╮
│  🐡 PufferLib 2.0.0                          CPU: 5377.0%       GPU: 17.2%        DRAM: 8.5%            VRAM: 97.3%  │
│                                                                                                                      │
│  Summary                        Value    Evaluate              47m 40s    95%    Losses                       Value  │
│  Environment               beam_rider      Forward              37m 9s    74%    policy_loss                  0.004  │
│  Agent Steps                     7.8m      Env                  1m 19s     2%    value_loss                  11.195  │
│  SPS                             2.5k      Misc                  8m 6s    16%    entropy                      1.182  │
│  Epoch                            254    Train                  2m 17s     4%    old_approx_kl                0.046  │
│  Uptime                       49m 59s      Forward                 30s     1%    approx_kl                    0.047  │
│  Remaining                     9m 35s      Learn                1m 20s     2%    clipfrac                     0.065  │
│                                            Misc                    25s     0%    explained_variance           0.982  │
│                                                                                                                      │
│  User Stats                                        Value    User Stats                                        Value  │
│  episode_return                                 1410.444    episode_length                                 1676.667  │
│                                                                                                                      │
│  Message: Checkpoint saved at update 252                                                                             │
╰──────────────────────────────────────────────────────────────────────────────────────────────────────────────────────╯

[0;0H╭──────────────────────────────────────────────────────────────────────────────────────────────────────────────────────╮
│  🐡 PufferLib 2.0.0                          CPU: 5377.0%       GPU: 17.1%        DRAM: 8.5%            VRAM: 97.3%  │
│                                                                                                                      │
│  Summary                        Value    Evaluate              47m 52s    95%    Losses                       Value  │
│  Environment               beam_rider      Forward             37m 18s    74%    policy_loss                 -0.002  │
│  Agent Steps                     7.8m      Env                  1m 20s     2%    value_loss                  10.519  │
│  SPS                             2.4k      Misc                  8m 8s    16%    entropy                      1.262  │
│  Epoch                            255    Train                  2m 18s     4%    old_approx_kl                0.045  │
│  Uptime                       50m 11s      Forward                 30s     1%    approx_kl                    0.046  │
│  Remaining                     9m 25s      Learn                1m 20s     2%    clipfrac                     0.071  │
│                                            Misc                    25s     0%    explained_variance           0.983  │
│                                                                                                                      │
│  User Stats                                        Value    User Stats                                        Value  │
│  episode_return                                 1349.818    episode_length                                 1551.273  │
│                                                                                                                      │
│  Message: Checkpoint saved at update 252                                                                             │
╰──────────────────────────────────────────────────────────────────────────────────────────────────────────────────────╯

[0;0H╭──────────────────────────────────────────────────────────────────────────────────────────────────────────────────────╮
│  🐡 PufferLib 2.0.0                          CPU: 5362.0%       GPU: 17.9%        DRAM: 8.5%            VRAM: 97.3%  │
│                                                                                                                      │
│  Summary                        Value    Evaluate               48m 4s    95%    Losses                       Value  │
│  Environment               beam_rider      Forward             37m 27s    74%    policy_loss                 -0.001  │
│  Agent Steps                     7.9m      Env                  1m 20s     2%    value_loss                  14.564  │
│  SPS                             2.4k      Misc                 8m 10s    16%    entropy                      1.233  │
│  Epoch                            256    Train                  2m 18s     4%    old_approx_kl                0.038  │
│  Uptime                       50m 24s      Forward                 30s     1%    approx_kl                    0.039  │
│  Remaining                     9m 12s      Learn                1m 21s     2%    clipfrac                     0.057  │
│                                            Misc                    25s     0%    explained_variance           0.972  │
│                                                                                                                      │
│  User Stats                                        Value    User Stats                                        Value  │
│  episode_return                                 1616.000    episode_length                                 1908.800  │
│                                                                                                                      │
│  Message: Checkpoint saved at update 255                                                                             │
╰──────────────────────────────────────────────────────────────────────────────────────────────────────────────────────╯

[0;0H╭──────────────────────────────────────────────────────────────────────────────────────────────────────────────────────╮
│  🐡 PufferLib 2.0.0                          CPU: 5377.5%       GPU: 16.9%        DRAM: 8.5%            VRAM: 97.3%  │
│                                                                                                                      │
│  Summary                        Value    Evaluate              48m 16s    95%    Losses                       Value  │
│  Environment               beam_rider      Forward             37m 37s    74%    policy_loss                 -0.000  │
│  Agent Steps                     7.9m      Env                  1m 20s     2%    value_loss                  10.674  │
│  SPS                             2.5k      Misc                 8m 12s    16%    entropy                      1.244  │
│  Epoch                            257    Train                  2m 19s     4%    old_approx_kl                0.037  │
│  Uptime                       50m 37s      Forward                 30s     1%    approx_kl                    0.037  │
│  Remaining                     8m 58s      Learn                1m 21s     2%    clipfrac                     0.055  │
│                                            Misc                    26s     0%    explained_variance           0.984  │
│                                                                                                                      │
│  User Stats                                        Value    User Stats                                        Value  │
│  episode_return                                 1596.500    episode_length                                 1923.375  │
│                                                                                                                      │
│  Message: Checkpoint saved at update 255                                                                             │
╰──────────────────────────────────────────────────────────────────────────────────────────────────────────────────────╯

[0;0H╭──────────────────────────────────────────────────────────────────────────────────────────────────────────────────────╮
│  🐡 PufferLib 2.0.0                          CPU: 5377.5%       GPU: 17.1%        DRAM: 8.5%            VRAM: 97.3%  │
│                                                                                                                      │
│  Summary                        Value    Evaluate              48m 28s    95%    Losses                       Value  │
│  Environment               beam_rider      Forward             37m 46s    74%    policy_loss                  0.000  │
│  Agent Steps                     7.9m      Env                  1m 21s     2%    value_loss                  16.665  │
│  SPS                             2.5k      Misc                 8m 14s    16%    entropy                      1.228  │
│  Epoch                            258    Train                  2m 19s     4%    old_approx_kl                0.041  │
│  Uptime                       50m 49s      Forward                 31s     1%    approx_kl                    0.042  │
│  Remaining                     8m 43s      Learn                1m 21s     2%    clipfrac                     0.062  │
│                                            Misc                    26s     0%    explained_variance           0.969  │
│                                                                                                                      │
│  User Stats                                        Value    User Stats                                        Value  │
│  episode_return                                 1568.857    episode_length                                 1834.071  │
│                                                                                                                      │
│  Message: Checkpoint saved at update 255                                                                             │
╰──────────────────────────────────────────────────────────────────────────────────────────────────────────────────────╯

[0;0H╭──────────────────────────────────────────────────────────────────────────────────────────────────────────────────────╮
│  🐡 PufferLib 2.0.0                          CPU: 5359.5%       GPU: 19.6%        DRAM: 8.5%            VRAM: 97.3%  │
│                                                                                                                      │
│  Summary                        Value    Evaluate              48m 39s    95%    Losses                       Value  │
│  Environment               beam_rider      Forward             37m 55s    74%    policy_loss                 -0.003  │
│  Agent Steps                     8.0m      Env                  1m 21s     2%    value_loss                  10.915  │
│  SPS                             2.6k      Misc                 8m 16s    16%    entropy                      1.200  │
│  Epoch                            259    Train                  2m 20s     4%    old_approx_kl                0.041  │
│  Uptime                        51m 1s      Forward                 31s     1%    approx_kl                    0.041  │
│  Remaining                     8m 10s      Learn                1m 22s     2%    clipfrac                     0.058  │
│                                            Misc                    26s     0%    explained_variance           0.982  │
│                                                                                                                      │
│  User Stats                                        Value    User Stats                                        Value  │
│  episode_return                                 1795.273    episode_length                                 2009.455  │
│                                                                                                                      │
│  Message: Checkpoint saved at update 258                                                                             │
╰──────────────────────────────────────────────────────────────────────────────────────────────────────────────────────╯

[0;0H╭──────────────────────────────────────────────────────────────────────────────────────────────────────────────────────╮
│  🐡 PufferLib 2.0.0                          CPU: 5381.5%       GPU: 20.6%        DRAM: 8.5%            VRAM: 97.3%  │
│                                                                                                                      │
│  Summary                        Value    Evaluate              48m 50s    95%    Losses                       Value  │
│  Environment               beam_rider      Forward              38m 3s    74%    policy_loss                 -0.004  │
│  Agent Steps                     8.0m      Env                  1m 21s     2%    value_loss                  13.824  │
│  SPS                             2.8k      Misc                 8m 17s    16%    entropy                      1.268  │
│  Epoch                            260    Train                  2m 20s     4%    old_approx_kl                0.038  │
│  Uptime                       51m 12s      Forward                 31s     1%    approx_kl                    0.043  │
│  Remaining                     7m 26s      Learn                1m 22s     2%    clipfrac                     0.056  │
│                                            Misc                    26s     0%    explained_variance           0.974  │
│                                                                                                                      │
│  User Stats                                        Value    User Stats                                        Value  │
│  episode_return                                 1548.381    episode_length                                 1881.714  │
│                                                                                                                      │
│  Message: Checkpoint saved at update 258                                                                             │
╰──────────────────────────────────────────────────────────────────────────────────────────────────────────────────────╯

[0;0H╭──────────────────────────────────────────────────────────────────────────────────────────────────────────────────────╮
│  🐡 PufferLib 2.0.0                          CPU: 5369.0%       GPU: 20.2%        DRAM: 8.5%            VRAM: 97.3%  │
│                                                                                                                      │
│  Summary                        Value    Evaluate               49m 2s    95%    Losses                       Value  │
│  Environment               beam_rider      Forward             38m 12s    74%    policy_loss                 -0.003  │
│  Agent Steps                     8.0m      Env                  1m 22s     2%    value_loss                  17.192  │
│  SPS                             2.6k      Misc                 8m 19s    16%    entropy                      1.174  │
│  Epoch                            261    Train                  2m 21s     4%    old_approx_kl                0.048  │
│  Uptime                       51m 24s      Forward                 31s     1%    approx_kl                    0.047  │
│  Remaining                     7m 47s      Learn                1m 22s     2%    clipfrac                     0.071  │
│                                            Misc                    26s     0%    explained_variance           0.975  │
│                                                                                                                      │
│  User Stats                                        Value    User Stats                                        Value  │
│  episode_return                                 1790.160    episode_length                                 1999.880  │
│                                                                                                                      │
│  Message: Checkpoint saved at update 258                                                                             │
╰──────────────────────────────────────────────────────────────────────────────────────────────────────────────────────╯

[0;0H╭──────────────────────────────────────────────────────────────────────────────────────────────────────────────────────╮
│  🐡 PufferLib 2.0.0                          CPU: 5361.5%       GPU: 17.8%        DRAM: 8.5%            VRAM: 97.3%  │
│                                                                                                                      │
│  Summary                        Value    Evaluate              49m 13s    95%    Losses                       Value  │
│  Environment               beam_rider      Forward             38m 21s    74%    policy_loss                 -0.003  │
│  Agent Steps                     8.0m      Env                  1m 22s     2%    value_loss                  10.291  │
│  SPS                             2.5k      Misc                 8m 21s    16%    entropy                      1.252  │
│  Epoch                            262    Train                  2m 21s     4%    old_approx_kl                0.049  │
│  Uptime                       51m 37s      Forward                 31s     1%    approx_kl                    0.046  │
│  Remaining                     7m 53s      Learn                1m 23s     2%    clipfrac                     0.067  │
│                                            Misc                    26s     0%    explained_variance           0.984  │
│                                                                                                                      │
│  User Stats                                        Value    User Stats                                        Value  │
│  episode_return                                 1588.364    episode_length                                 1751.182  │
│                                                                                                                      │
│  Message: Checkpoint saved at update 261                                                                             │
╰──────────────────────────────────────────────────────────────────────────────────────────────────────────────────────╯

[0;0H╭──────────────────────────────────────────────────────────────────────────────────────────────────────────────────────╮
│  🐡 PufferLib 2.0.0                          CPU: 5369.0%       GPU: 14.8%        DRAM: 8.5%            VRAM: 97.3%  │
│                                                                                                                      │
│  Summary                        Value    Evaluate              49m 25s    95%    Losses                       Value  │
│  Environment               beam_rider      Forward             38m 31s    74%    policy_loss                 -0.004  │
│  Agent Steps                     8.1m      Env                  1m 22s     2%    value_loss                  11.148  │
│  SPS                             2.4k      Misc                 8m 23s    16%    entropy                      1.256  │
│  Epoch                            263    Train                  2m 22s     4%    old_approx_kl                0.046  │
│  Uptime                       51m 49s      Forward                 31s     1%    approx_kl                    0.045  │
│  Remaining                     7m 48s      Learn                1m 23s     2%    clipfrac                     0.069  │
│                                            Misc                    26s     0%    explained_variance           0.981  │
│                                                                                                                      │
│  User Stats                                        Value    User Stats                                        Value  │
│  episode_return                                 1227.429    episode_length                                 1507.643  │
│                                                                                                                      │
│  Message: Checkpoint saved at update 261                                                                             │
╰──────────────────────────────────────────────────────────────────────────────────────────────────────────────────────╯

[0;0H╭──────────────────────────────────────────────────────────────────────────────────────────────────────────────────────╮
│  🐡 PufferLib 2.0.0                          CPU: 5365.5%       GPU: 14.8%        DRAM: 8.5%            VRAM: 97.3%  │
│                                                                                                                      │
│  Summary                        Value    Evaluate              49m 38s    95%    Losses                       Value  │
│  Environment               beam_rider      Forward             38m 40s    74%    policy_loss                 -0.002  │
│  Agent Steps                     8.1m      Env                  1m 23s     2%    value_loss                  11.480  │
│  SPS                             2.4k      Misc                 8m 25s    16%    entropy                      1.255  │
│  Epoch                            264    Train                  2m 23s     4%    old_approx_kl                0.046  │
│  Uptime                        52m 2s      Forward                 31s     1%    approx_kl                    0.045  │
│  Remaining                     7m 36s      Learn                1m 23s     2%    clipfrac                     0.066  │
│                                            Misc                    26s     0%    explained_variance           0.981  │
│                                                                                                                      │
│  User Stats                                        Value    User Stats                                        Value  │
│  episode_return                                 1426.667    episode_length                                 1717.190  │
│                                                                                                                      │
│  Message: Checkpoint saved at update 261                                                                             │
╰──────────────────────────────────────────────────────────────────────────────────────────────────────────────────────╯

[0;0H╭──────────────────────────────────────────────────────────────────────────────────────────────────────────────────────╮
│  🐡 PufferLib 2.0.0                          CPU: 5349.0%       GPU: 16.8%        DRAM: 8.5%            VRAM: 97.3%  │
│                                                                                                                      │
│  Summary                        Value    Evaluate              49m 50s    95%    Losses                       Value  │
│  Environment               beam_rider      Forward             38m 50s    74%    policy_loss                 -0.004  │
│  Agent Steps                     8.1m      Env                  1m 23s     2%    value_loss                  11.157  │
│  SPS                             2.4k      Misc                 8m 27s    16%    entropy                      1.267  │
│  Epoch                            265    Train                  2m 23s     4%    old_approx_kl                0.043  │
│  Uptime                       52m 15s      Forward                 31s     1%    approx_kl                    0.043  │
│  Remaining                     7m 26s      Learn                1m 24s     2%    clipfrac                     0.065  │
│                                            Misc                    26s     0%    explained_variance           0.982  │
│                                                                                                                      │
│  User Stats                                        Value    User Stats                                        Value  │
│  episode_return                                 1491.529    episode_length                                 1818.647  │
│                                                                                                                      │
│  Message: Checkpoint saved at update 264                                                                             │
╰──────────────────────────────────────────────────────────────────────────────────────────────────────────────────────╯

[0;0H╭──────────────────────────────────────────────────────────────────────────────────────────────────────────────────────╮
│  🐡 PufferLib 2.0.0                          CPU: 5367.0%       GPU: 15.0%        DRAM: 8.5%            VRAM: 97.3%  │
│                                                                                                                      │
│  Summary                        Value    Evaluate               50m 2s    95%    Losses                       Value  │
│  Environment               beam_rider      Forward             38m 59s    74%    policy_loss                 -0.003  │
│  Agent Steps                     8.2m      Env                  1m 23s     2%    value_loss                  12.409  │
│  SPS                             2.4k      Misc                 8m 29s    16%    entropy                      1.202  │
│  Epoch                            266    Train                  2m 24s     4%    old_approx_kl                0.049  │
│  Uptime                       52m 27s      Forward                 32s     1%    approx_kl                    0.046  │
│  Remaining                     7m 11s      Learn                1m 24s     2%    clipfrac                     0.069  │
│                                            Misc                    27s     0%    explained_variance           0.979  │
│                                                                                                                      │
│  User Stats                                        Value    User Stats                                        Value  │
│  episode_return                                 1632.250    episode_length                                 1968.188  │
│                                                                                                                      │
│  Message: Checkpoint saved at update 264                                                                             │
╰──────────────────────────────────────────────────────────────────────────────────────────────────────────────────────╯

[0;0H╭──────────────────────────────────────────────────────────────────────────────────────────────────────────────────────╮
│  🐡 PufferLib 2.0.0                          CPU: 5364.5%       GPU: 17.1%        DRAM: 8.5%            VRAM: 97.3%  │
│                                                                                                                      │
│  Summary                        Value    Evaluate              50m 14s    95%    Losses                       Value  │
│  Environment               beam_rider      Forward              39m 9s    74%    policy_loss                 -0.003  │
│  Agent Steps                     8.2m      Env                  1m 24s     2%    value_loss                  12.483  │
│  SPS                             2.4k      Misc                 8m 31s    16%    entropy                      1.297  │
│  Epoch                            267    Train                  2m 24s     4%    old_approx_kl                0.046  │
│  Uptime                       52m 40s      Forward                 32s     1%    approx_kl                    0.047  │
│  Remaining                     6m 57s      Learn                1m 24s     2%    clipfrac                     0.072  │
│                                            Misc                    27s     0%    explained_variance           0.978  │
│                                                                                                                      │
│  User Stats                                        Value    User Stats                                        Value  │
│  episode_return                                 1525.846    episode_length                                 1779.231  │
│                                                                                                                      │
│  Message: Checkpoint saved at update 264                                                                             │
╰──────────────────────────────────────────────────────────────────────────────────────────────────────────────────────╯

[0;0H╭──────────────────────────────────────────────────────────────────────────────────────────────────────────────────────╮
│  🐡 PufferLib 2.0.0                          CPU: 5353.5%       GPU: 17.0%        DRAM: 8.5%            VRAM: 97.3%  │
│                                                                                                                      │
│  Summary                        Value    Evaluate              50m 26s    95%    Losses                       Value  │
│  Environment               beam_rider      Forward             39m 18s    74%    policy_loss                 -0.004  │
│  Agent Steps                     8.2m      Env                  1m 24s     2%    value_loss                  10.860  │
│  SPS                             2.4k      Misc                 8m 33s    16%    entropy                      1.274  │
│  Epoch                            268    Train                  2m 25s     4%    old_approx_kl                0.045  │
│  Uptime                       52m 53s      Forward                 32s     1%    approx_kl                    0.042  │
│  Remaining                     6m 44s      Learn                1m 25s     2%    clipfrac                     0.064  │
│                                            Misc                    27s     0%    explained_variance           0.978  │
│                                                                                                                      │
│  User Stats                                        Value    User Stats                                        Value  │
│  episode_return                                 1527.636    episode_length                                 1781.909  │
│                                                                                                                      │
│  Message: Checkpoint saved at update 267                                                                             │
╰──────────────────────────────────────────────────────────────────────────────────────────────────────────────────────╯

[0;0H╭──────────────────────────────────────────────────────────────────────────────────────────────────────────────────────╮
│  🐡 PufferLib 2.0.0                          CPU: 5368.5%       GPU: 16.8%        DRAM: 8.5%            VRAM: 97.3%  │
│                                                                                                                      │
│  Summary                        Value    Evaluate              50m 38s    95%    Losses                       Value  │
│  Environment               beam_rider      Forward             39m 28s    74%    policy_loss                 -0.004  │
│  Agent Steps                     8.3m      Env                  1m 24s     2%    value_loss                  10.827  │
│  SPS                             2.4k      Misc                 8m 35s    16%    entropy                      1.231  │
│  Epoch                            269    Train                  2m 25s     4%    old_approx_kl                0.044  │
│  Uptime                        53m 5s      Forward                 32s     1%    approx_kl                    0.046  │
│  Remaining                     6m 29s      Learn                1m 25s     2%    clipfrac                     0.069  │
│                                            Misc                    27s     0%    explained_variance           0.983  │
│                                                                                                                      │
│  User Stats                                        Value    User Stats                                        Value  │
│  episode_return                                 1630.609    episode_length                                 2034.261  │
│                                                                                                                      │
│  Message: Checkpoint saved at update 267                                                                             │
╰──────────────────────────────────────────────────────────────────────────────────────────────────────────────────────╯

[0;0H╭──────────────────────────────────────────────────────────────────────────────────────────────────────────────────────╮
│  🐡 PufferLib 2.0.0                          CPU: 5372.0%       GPU: 16.8%        DRAM: 8.5%            VRAM: 97.3%  │
│                                                                                                                      │
│  Summary                        Value    Evaluate              50m 50s    95%    Losses                       Value  │
│  Environment               beam_rider      Forward             39m 37s    74%    policy_loss                 -0.004  │
│  Agent Steps                     8.3m      Env                  1m 25s     2%    value_loss                  17.275  │
│  SPS                             2.4k      Misc                 8m 37s    16%    entropy                      1.239  │
│  Epoch                            270    Train                  2m 26s     4%    old_approx_kl                0.049  │
│  Uptime                       53m 18s      Forward                 32s     1%    approx_kl                    0.050  │
│  Remaining                     6m 17s      Learn                1m 25s     2%    clipfrac                     0.071  │
│                                            Misc                    27s     0%    explained_variance           0.971  │
│                                                                                                                      │
│  User Stats                                        Value    User Stats                                        Value  │
│  episode_return                                 1426.667    episode_length                                 1799.476  │
│                                                                                                                      │
│  Message: Checkpoint saved at update 267                                                                             │
╰──────────────────────────────────────────────────────────────────────────────────────────────────────────────────────╯

[0;0H╭──────────────────────────────────────────────────────────────────────────────────────────────────────────────────────╮
│  🐡 PufferLib 2.0.0                          CPU: 5349.0%       GPU: 17.8%        DRAM: 8.5%            VRAM: 97.3%  │
│                                                                                                                      │
│  Summary                        Value    Evaluate               51m 1s    95%    Losses                       Value  │
│  Environment               beam_rider      Forward             39m 45s    74%    policy_loss                 -0.001  │
│  Agent Steps                     8.3m      Env                  1m 25s     2%    value_loss                  14.299  │
│  SPS                             2.7k      Misc                 8m 39s    16%    entropy                      1.223  │
│  Epoch                            271    Train                  2m 27s     4%    old_approx_kl                0.046  │
│  Uptime                       53m 29s      Forward                 32s     1%    approx_kl                    0.045  │
│  Remaining                     5m 26s      Learn                1m 26s     2%    clipfrac                     0.070  │
│                                            Misc                    27s     0%    explained_variance           0.976  │
│                                                                                                                      │
│  User Stats                                        Value    User Stats                                        Value  │
│  episode_return                                 2056.182    episode_length                                 2132.000  │
│                                                                                                                      │
│  Message: Checkpoint saved at update 270                                                                             │
╰──────────────────────────────────────────────────────────────────────────────────────────────────────────────────────╯

[0;0H╭──────────────────────────────────────────────────────────────────────────────────────────────────────────────────────╮
│  🐡 PufferLib 2.0.0                          CPU: 5376.5%       GPU: 19.2%        DRAM: 8.5%            VRAM: 97.3%  │
│                                                                                                                      │
│  Summary                        Value    Evaluate              51m 12s    95%    Losses                       Value  │
│  Environment               beam_rider      Forward             39m 54s    74%    policy_loss                 -0.001  │
│  Agent Steps                     8.4m      Env                  1m 25s     2%    value_loss                  13.063  │
│  SPS                             2.7k      Misc                 8m 41s    16%    entropy                      1.204  │
│  Epoch                            272    Train                  2m 27s     4%    old_approx_kl                0.044  │
│  Uptime                       53m 41s      Forward                 32s     1%    approx_kl                    0.041  │
│  Remaining                     5m 21s      Learn                1m 26s     2%    clipfrac                     0.064  │
│                                            Misc                    27s     0%    explained_variance           0.977  │
│                                                                                                                      │
│  User Stats                                        Value    User Stats                                        Value  │
│  episode_return                                 1559.333    episode_length                                 1776.667  │
│                                                                                                                      │
│  Message: Checkpoint saved at update 270                                                                             │
╰──────────────────────────────────────────────────────────────────────────────────────────────────────────────────────╯

[0;0H╭──────────────────────────────────────────────────────────────────────────────────────────────────────────────────────╮
│  🐡 PufferLib 2.0.0                          CPU: 5372.0%       GPU: 15.5%        DRAM: 8.5%            VRAM: 97.3%  │
│                                                                                                                      │
│  Summary                        Value    Evaluate              51m 24s    95%    Losses                       Value  │
│  Environment               beam_rider      Forward              40m 3s    74%    policy_loss                 -0.003  │
│  Agent Steps                     8.4m      Env                  1m 26s     2%    value_loss                  13.253  │
│  SPS                             2.5k      Misc                 8m 43s    16%    entropy                      1.248  │
│  Epoch                            273    Train                  2m 28s     4%    old_approx_kl                0.039  │
│  Uptime                       53m 53s      Forward                 32s     1%    approx_kl                    0.040  │
│  Remaining                     5m 38s      Learn                1m 26s     2%    clipfrac                     0.060  │
│                                            Misc                    27s     0%    explained_variance           0.975  │
│                                                                                                                      │
│  User Stats                                        Value    User Stats                                        Value  │
│  episode_return                                 1369.846    episode_length                                 1864.846  │
│                                                                                                                      │
│  Message: Checkpoint saved at update 270                                                                             │
╰──────────────────────────────────────────────────────────────────────────────────────────────────────────────────────╯

[0;0H╭──────────────────────────────────────────────────────────────────────────────────────────────────────────────────────╮
│  🐡 PufferLib 2.0.0                          CPU: 5357.5%       GPU: 17.1%        DRAM: 8.5%            VRAM: 97.3%  │
│                                                                                                                      │
│  Summary                        Value    Evaluate              51m 36s    95%    Losses                       Value  │
│  Environment               beam_rider      Forward             40m 12s    74%    policy_loss                 -0.001  │
│  Agent Steps                     8.4m      Env                  1m 26s     2%    value_loss                  13.999  │
│  SPS                             2.5k      Misc                 8m 45s    16%    entropy                      1.260  │
│  Epoch                            274    Train                  2m 28s     4%    old_approx_kl                0.037  │
│  Uptime                        54m 6s      Forward                 33s     1%    approx_kl                    0.034  │
│  Remaining                     5m 25s      Learn                1m 27s     2%    clipfrac                     0.051  │
│                                            Misc                    27s     0%    explained_variance           0.975  │
│                                                                                                                      │
│  User Stats                                        Value    User Stats                                        Value  │
│  episode_return                                 1687.000    episode_length                                 2023.667  │
│                                                                                                                      │
│  Message: Checkpoint saved at update 273                                                                             │
╰──────────────────────────────────────────────────────────────────────────────────────────────────────────────────────╯

[0;0H╭──────────────────────────────────────────────────────────────────────────────────────────────────────────────────────╮
│  🐡 PufferLib 2.0.0                          CPU: 5372.0%       GPU: 15.6%        DRAM: 8.5%            VRAM: 97.3%  │
│                                                                                                                      │
│  Summary                        Value    Evaluate              51m 47s    95%    Losses                       Value  │
│  Environment               beam_rider      Forward             40m 21s    74%    policy_loss                 -0.004  │
│  Agent Steps                     8.4m      Env                  1m 26s     2%    value_loss                  14.980  │
│  SPS                             2.5k      Misc                 8m 47s    16%    entropy                      1.198  │
│  Epoch                            275    Train                  2m 29s     4%    old_approx_kl                0.043  │
│  Uptime                       54m 18s      Forward                 33s     1%    approx_kl                    0.041  │
│  Remaining                      5m 4s      Learn                1m 27s     2%    clipfrac                     0.060  │
│                                            Misc                    27s     0%    explained_variance           0.973  │
│                                                                                                                      │
│  User Stats                                        Value    User Stats                                        Value  │
│  episode_return                                 1739.895    episode_length                                 2035.105  │
│                                                                                                                      │
│  Message: Checkpoint saved at update 273                                                                             │
╰──────────────────────────────────────────────────────────────────────────────────────────────────────────────────────╯

[0;0H╭──────────────────────────────────────────────────────────────────────────────────────────────────────────────────────╮
│  🐡 PufferLib 2.0.0                          CPU: 5375.0%       GPU: 17.6%        DRAM: 8.5%            VRAM: 97.3%  │
│                                                                                                                      │
│  Summary                        Value    Evaluate              51m 59s    95%    Losses                       Value  │
│  Environment               beam_rider      Forward             40m 31s    74%    policy_loss                 -0.002  │
│  Agent Steps                     8.5m      Env                  1m 27s     2%    value_loss                  28.199  │
│  SPS                             2.5k      Misc                 8m 49s    16%    entropy                      1.254  │
│  Epoch                            276    Train                  2m 29s     4%    old_approx_kl                0.046  │
│  Uptime                       54m 30s      Forward                 33s     1%    approx_kl                    0.047  │
│  Remaining                     4m 58s      Learn                1m 27s     2%    clipfrac                     0.073  │
│                                            Misc                    28s     0%    explained_variance           0.946  │
│                                                                                                                      │
│  User Stats                                        Value    User Stats                                        Value  │
│  episode_return                                 1776.000    episode_length                                 2076.333  │
│                                                                                                                      │
│  Message: Checkpoint saved at update 273                                                                             │
╰──────────────────────────────────────────────────────────────────────────────────────────────────────────────────────╯

[0;0H╭──────────────────────────────────────────────────────────────────────────────────────────────────────────────────────╮
│  🐡 PufferLib 2.0.0                          CPU: 5359.5%       GPU: 17.2%        DRAM: 8.5%            VRAM: 97.3%  │
│                                                                                                                      │
│  Summary                        Value    Evaluate              52m 11s    95%    Losses                       Value  │
│  Environment               beam_rider      Forward             40m 40s    74%    policy_loss                 -0.001  │
│  Agent Steps                     8.5m      Env                  1m 27s     2%    value_loss                  24.596  │
│  SPS                             2.4k      Misc                 8m 51s    16%    entropy                      1.237  │
│  Epoch                            277    Train                  2m 30s     4%    old_approx_kl                0.039  │
│  Uptime                       54m 43s      Forward                 33s     1%    approx_kl                    0.038  │
│  Remaining                     4m 48s      Learn                1m 28s     2%    clipfrac                     0.056  │
│                                            Misc                    28s     0%    explained_variance           0.958  │
│                                                                                                                      │
│  User Stats                                        Value    User Stats                                        Value  │
│  episode_return                                 2386.476    episode_length                                 2497.571  │
│                                                                                                                      │
│  Message: Checkpoint saved at update 276                                                                             │
╰──────────────────────────────────────────────────────────────────────────────────────────────────────────────────────╯

[0;0H╭──────────────────────────────────────────────────────────────────────────────────────────────────────────────────────╮
│  🐡 PufferLib 2.0.0                          CPU: 5371.5%       GPU: 17.1%        DRAM: 8.5%            VRAM: 97.3%  │
│                                                                                                                      │
│  Summary                        Value    Evaluate              52m 23s    95%    Losses                       Value  │
│  Environment               beam_rider      Forward             40m 49s    74%    policy_loss                 -0.002  │
│  Agent Steps                     8.5m      Env                  1m 27s     2%    value_loss                  10.697  │
│  SPS                             2.5k      Misc                 8m 53s    16%    entropy                      1.285  │
│  Epoch                            278    Train                  2m 30s     4%    old_approx_kl                0.041  │
│  Uptime                       54m 55s      Forward                 33s     1%    approx_kl                    0.040  │
│  Remaining                     4m 35s      Learn                1m 28s     2%    clipfrac                     0.058  │
│                                            Misc                    28s     0%    explained_variance           0.982  │
│                                                                                                                      │
│  User Stats                                        Value    User Stats                                        Value  │
│  episode_return                                 1937.375    episode_length                                 2173.625  │
│                                                                                                                      │
│  Message: Checkpoint saved at update 276                                                                             │
╰──────────────────────────────────────────────────────────────────────────────────────────────────────────────────────╯

[0;0H╭──────────────────────────────────────────────────────────────────────────────────────────────────────────────────────╮
│  🐡 PufferLib 2.0.0                          CPU: 5374.0%       GPU: 17.1%        DRAM: 8.5%            VRAM: 97.3%  │
│                                                                                                                      │
│  Summary                        Value    Evaluate              52m 35s    95%    Losses                       Value  │
│  Environment               beam_rider      Forward             40m 59s    74%    policy_loss                 -0.003  │
│  Agent Steps                     8.6m      Env                  1m 28s     2%    value_loss                  11.357  │
│  SPS                             2.5k      Misc                 8m 55s    16%    entropy                      1.270  │
│  Epoch                            279    Train                  2m 31s     4%    old_approx_kl                0.041  │
│  Uptime                        55m 8s      Forward                 33s     1%    approx_kl                    0.040  │
│  Remaining                     4m 22s      Learn                1m 28s     2%    clipfrac                     0.060  │
│                                            Misc                    28s     0%    explained_variance           0.980  │
│                                                                                                                      │
│  User Stats                                        Value    User Stats                                        Value  │
│  episode_return                                 1823.636    episode_length                                 2180.455  │
│                                                                                                                      │
│  Message: Checkpoint saved at update 276                                                                             │
╰──────────────────────────────────────────────────────────────────────────────────────────────────────────────────────╯

[0;0H╭──────────────────────────────────────────────────────────────────────────────────────────────────────────────────────╮
│  🐡 PufferLib 2.0.0                          CPU: 5356.5%       GPU: 17.1%        DRAM: 8.5%            VRAM: 97.3%  │
│                                                                                                                      │
│  Summary                        Value    Evaluate              52m 47s    95%    Losses                       Value  │
│  Environment               beam_rider      Forward              41m 8s    74%    policy_loss                 -0.004  │
│  Agent Steps                     8.6m      Env                  1m 28s     2%    value_loss                  17.846  │
│  SPS                             2.4k      Misc                 8m 57s    16%    entropy                      1.262  │
│  Epoch                            280    Train                  2m 32s     4%    old_approx_kl                0.046  │
│  Uptime                       55m 20s      Forward                 33s     1%    approx_kl                    0.042  │
│  Remaining                     4m 11s      Learn                1m 28s     2%    clipfrac                     0.062  │
│                                            Misc                    28s     0%    explained_variance           0.967  │
│                                                                                                                      │
│  User Stats                                        Value    User Stats                                        Value  │
│  episode_return                                 1737.200    episode_length                                 1987.000  │
│                                                                                                                      │
│  Message: Checkpoint saved at update 279                                                                             │
╰──────────────────────────────────────────────────────────────────────────────────────────────────────────────────────╯

[0;0H╭──────────────────────────────────────────────────────────────────────────────────────────────────────────────────────╮
│  🐡 PufferLib 2.0.0                          CPU: 5377.5%       GPU: 19.9%        DRAM: 8.5%            VRAM: 97.3%  │
│                                                                                                                      │
│  Summary                        Value    Evaluate              52m 58s    95%    Losses                       Value  │
│  Environment               beam_rider      Forward             41m 17s    74%    policy_loss                  0.001  │
│  Agent Steps                     8.6m      Env                  1m 28s     2%    value_loss                  27.650  │
│  SPS                             2.6k      Misc                 8m 59s    16%    entropy                      1.241  │
│  Epoch                            281    Train                  2m 32s     4%    old_approx_kl                0.045  │
│  Uptime                       55m 32s      Forward                 33s     1%    approx_kl                    0.045  │
│  Remaining                     3m 46s      Learn                1m 29s     2%    clipfrac                     0.066  │
│                                            Misc                    28s     0%    explained_variance           0.953  │
│                                                                                                                      │
│  User Stats                                        Value    User Stats                                        Value  │
│  episode_return                                 1737.333    episode_length                                 1939.083  │
│                                                                                                                      │
│  Message: Checkpoint saved at update 279                                                                             │
╰──────────────────────────────────────────────────────────────────────────────────────────────────────────────────────╯

[0;0H╭──────────────────────────────────────────────────────────────────────────────────────────────────────────────────────╮
│  🐡 PufferLib 2.0.0                          CPU: 5376.0%       GPU: 19.9%        DRAM: 8.5%            VRAM: 97.3%  │
│                                                                                                                      │
│  Summary                        Value    Evaluate              53m 10s    95%    Losses                       Value  │
│  Environment               beam_rider      Forward             41m 26s    74%    policy_loss                 -0.003  │
│  Agent Steps                     8.7m      Env                  1m 29s     2%    value_loss                  14.481  │
│  SPS                             2.5k      Misc                  9m 1s    16%    entropy                      1.256  │
│  Epoch                            282    Train                  2m 33s     4%    old_approx_kl                0.050  │
│  Uptime                       55m 44s      Forward                 34s     1%    approx_kl                    0.049  │
│  Remaining                     3m 38s      Learn                1m 29s     2%    clipfrac                     0.079  │
│                                            Misc                    28s     0%    explained_variance           0.976  │
│                                                                                                                      │
│  User Stats                                        Value    User Stats                                        Value  │
│  episode_return                                 1901.714    episode_length                                 2086.857  │
│                                                                                                                      │
│  Message: Checkpoint saved at update 279                                                                             │
╰──────────────────────────────────────────────────────────────────────────────────────────────────────────────────────╯

[0;0H╭──────────────────────────────────────────────────────────────────────────────────────────────────────────────────────╮
│  🐡 PufferLib 2.0.0                          CPU: 5358.5%       GPU: 17.4%        DRAM: 8.5%            VRAM: 97.3%  │
│                                                                                                                      │
│  Summary                        Value    Evaluate              53m 22s    95%    Losses                       Value  │
│  Environment               beam_rider      Forward             41m 35s    74%    policy_loss                 -0.001  │
│  Agent Steps                     8.7m      Env                  1m 29s     2%    value_loss                  26.980  │
│  SPS                             2.5k      Misc                  9m 3s    16%    entropy                      1.227  │
│  Epoch                            283    Train                  2m 33s     4%    old_approx_kl                0.043  │
│  Uptime                       55m 57s      Forward                 34s     1%    approx_kl                    0.041  │
│  Remaining                     3m 32s      Learn                1m 29s     2%    clipfrac                     0.065  │
│                                            Misc                    28s     0%    explained_variance           0.950  │
│                                                                                                                      │
│  User Stats                                        Value    User Stats                                        Value  │
│  episode_return                                 2054.182    episode_length                                 2234.091  │
│                                                                                                                      │
│  Message: Checkpoint saved at update 282                                                                             │
╰──────────────────────────────────────────────────────────────────────────────────────────────────────────────────────╯

[0;0H╭──────────────────────────────────────────────────────────────────────────────────────────────────────────────────────╮
│  🐡 PufferLib 2.0.0                          CPU: 5376.0%       GPU: 18.6%        DRAM: 8.5%            VRAM: 97.3%  │
│                                                                                                                      │
│  Summary                        Value    Evaluate              53m 34s    95%    Losses                       Value  │
│  Environment               beam_rider      Forward             41m 45s    74%    policy_loss                 -0.001  │
│  Agent Steps                     8.7m      Env                  1m 29s     2%    value_loss                  15.918  │
│  SPS                             2.5k      Misc                  9m 5s    16%    entropy                      1.238  │
│  Epoch                            284    Train                  2m 34s     4%    old_approx_kl                0.047  │
│  Uptime                        56m 9s      Forward                 34s     1%    approx_kl                    0.046  │
│  Remaining                     3m 17s      Learn                1m 30s     2%    clipfrac                     0.070  │
│                                            Misc                    28s     0%    explained_variance           0.974  │
│                                                                                                                      │
│  User Stats                                        Value    User Stats                                        Value  │
│  episode_return                                 2221.125    episode_length                                 2367.312  │
│                                                                                                                      │
│  Message: Checkpoint saved at update 282                                                                             │
╰──────────────────────────────────────────────────────────────────────────────────────────────────────────────────────╯

[0;0H╭──────────────────────────────────────────────────────────────────────────────────────────────────────────────────────╮
│  🐡 PufferLib 2.0.0                          CPU: 5374.5%       GPU: 17.8%        DRAM: 8.5%            VRAM: 97.3%  │
│                                                                                                                      │
│  Summary                        Value    Evaluate              53m 45s    95%    Losses                       Value  │
│  Environment               beam_rider      Forward             41m 53s    74%    policy_loss                 -0.001  │
│  Agent Steps                     8.8m      Env                  1m 30s     2%    value_loss                  14.357  │
│  SPS                             2.6k      Misc                  9m 7s    16%    entropy                      1.273  │
│  Epoch                            285    Train                  2m 34s     4%    old_approx_kl                0.041  │
│  Uptime                       56m 21s      Forward                 34s     1%    approx_kl                    0.041  │
│  Remaining                     2m 58s      Learn                1m 30s     2%    clipfrac                     0.065  │
│                                            Misc                    28s     0%    explained_variance           0.974  │
│                                                                                                                      │
│  User Stats                                        Value    User Stats                                        Value  │
│  episode_return                                 1712.923    episode_length                                 2048.000  │
│                                                                                                                      │
│  Message: Checkpoint saved at update 282                                                                             │
╰──────────────────────────────────────────────────────────────────────────────────────────────────────────────────────╯

[0;0H╭──────────────────────────────────────────────────────────────────────────────────────────────────────────────────────╮
│  🐡 PufferLib 2.0.0                          CPU: 5362.0%       GPU: 20.2%        DRAM: 8.5%            VRAM: 97.3%  │
│                                                                                                                      │
│  Summary                        Value    Evaluate              53m 57s    95%    Losses                       Value  │
│  Environment               beam_rider      Forward              42m 2s    74%    policy_loss                  0.001  │
│  Agent Steps                     8.8m      Env                  1m 30s     2%    value_loss                  15.217  │
│  SPS                             2.5k      Misc                  9m 9s    16%    entropy                      1.293  │
│  Epoch                            286    Train                  2m 35s     4%    old_approx_kl                0.042  │
│  Uptime                       56m 33s      Forward                 34s     1%    approx_kl                    0.043  │
│  Remaining                     2m 50s      Learn                1m 30s     2%    clipfrac                     0.064  │
│                                            Misc                    29s     0%    explained_variance           0.974  │
│                                                                                                                      │
│  User Stats                                        Value    User Stats                                        Value  │
│  episode_return                                 1798.118    episode_length                                 2110.706  │
│                                                                                                                      │
│  Message: Checkpoint saved at update 285                                                                             │
╰──────────────────────────────────────────────────────────────────────────────────────────────────────────────────────╯

[0;0H╭──────────────────────────────────────────────────────────────────────────────────────────────────────────────────────╮
│  🐡 PufferLib 2.0.0                          CPU: 5376.5%       GPU: 20.2%        DRAM: 8.5%            VRAM: 97.3%  │
│                                                                                                                      │
│  Summary                        Value    Evaluate               54m 8s    95%    Losses                       Value  │
│  Environment               beam_rider      Forward             42m 12s    74%    policy_loss                 -0.004  │
│  Agent Steps                     8.8m      Env                  1m 30s     2%    value_loss                  18.073  │
│  SPS                             2.5k      Misc                 9m 11s    16%    entropy                      1.288  │
│  Epoch                            287    Train                  2m 35s     4%    old_approx_kl                0.045  │
│  Uptime                       56m 46s      Forward                 34s     1%    approx_kl                    0.043  │
│  Remaining                     2m 37s      Learn                1m 31s     2%    clipfrac                     0.068  │
│                                            Misc                    29s     0%    explained_variance           0.967  │
│                                                                                                                      │
│  User Stats                                        Value    User Stats                                        Value  │
│  episode_return                                 2042.154    episode_length                                 2153.154  │
│                                                                                                                      │
│  Message: Checkpoint saved at update 285                                                                             │
╰──────────────────────────────────────────────────────────────────────────────────────────────────────────────────────╯

[0;0H╭──────────────────────────────────────────────────────────────────────────────────────────────────────────────────────╮
│  🐡 PufferLib 2.0.0                          CPU: 5377.0%       GPU: 17.7%        DRAM: 8.5%            VRAM: 97.3%  │
│                                                                                                                      │
│  Summary                        Value    Evaluate              54m 20s    95%    Losses                       Value  │
│  Environment               beam_rider      Forward             42m 21s    74%    policy_loss                 -0.002  │
│  Agent Steps                     8.8m      Env                  1m 31s     2%    value_loss                  10.115  │
│  SPS                             2.5k      Misc                 9m 13s    16%    entropy                      1.268  │
│  Epoch                            288    Train                  2m 36s     4%    old_approx_kl                0.046  │
│  Uptime                       56m 58s      Forward                 34s     1%    approx_kl                    0.044  │
│  Remaining                     2m 29s      Learn                1m 31s     2%    clipfrac                     0.068  │
│                                            Misc                    29s     0%    explained_variance           0.984  │
│                                                                                                                      │
│  User Stats                                        Value    User Stats                                        Value  │
│  episode_return                                 1831.500    episode_length                                 2212.625  │
│                                                                                                                      │
│  Message: Checkpoint saved at update 285                                                                             │
╰──────────────────────────────────────────────────────────────────────────────────────────────────────────────────────╯

[0;0H╭──────────────────────────────────────────────────────────────────────────────────────────────────────────────────────╮
│  🐡 PufferLib 2.0.0                          CPU: 5359.0%       GPU: 15.8%        DRAM: 8.5%            VRAM: 97.3%  │
│                                                                                                                      │
│  Summary                        Value    Evaluate              54m 32s    95%    Losses                       Value  │
│  Environment               beam_rider      Forward             42m 30s    74%    policy_loss                 -0.003  │
│  Agent Steps                     8.9m      Env                  1m 31s     2%    value_loss                  10.687  │
│  SPS                             2.5k      Misc                 9m 15s    16%    entropy                      1.230  │
│  Epoch                            289    Train                  2m 36s     4%    old_approx_kl                0.047  │
│  Uptime                       57m 10s      Forward                 34s     1%    approx_kl                    0.046  │
│  Remaining                     2m 14s      Learn                1m 31s     2%    clipfrac                     0.069  │
│                                            Misc                    29s     0%    explained_variance           0.983  │
│                                                                                                                      │
│  User Stats                                        Value    User Stats                                        Value  │
│  episode_return                                 1570.400    episode_length                                 1740.300  │
│                                                                                                                      │
│  Message: Checkpoint saved at update 288                                                                             │
╰──────────────────────────────────────────────────────────────────────────────────────────────────────────────────────╯

[0;0H╭──────────────────────────────────────────────────────────────────────────────────────────────────────────────────────╮
│  🐡 PufferLib 2.0.0                          CPU: 5374.5%       GPU: 15.9%        DRAM: 8.5%            VRAM: 97.3%  │
│                                                                                                                      │
│  Summary                        Value    Evaluate              54m 44s    95%    Losses                       Value  │
│  Environment               beam_rider      Forward             42m 39s    74%    policy_loss                 -0.005  │
│  Agent Steps                     8.9m      Env                  1m 31s     2%    value_loss                  13.622  │
│  SPS                             2.5k      Misc                 9m 17s    16%    entropy                      1.273  │
│  Epoch                            290    Train                  2m 37s     4%    old_approx_kl                0.054  │
│  Uptime                       57m 22s      Forward                 35s     1%    approx_kl                    0.050  │
│  Remaining                      2m 1s      Learn                1m 32s     2%    clipfrac                     0.081  │
│                                            Misc                    29s     0%    explained_variance           0.977  │
│                                                                                                                      │
│  User Stats                                        Value    User Stats                                        Value  │
│  episode_return                                 1561.077    episode_length                                 1840.769  │
│                                                                                                                      │
│  Message: Checkpoint saved at update 288                                                                             │
╰──────────────────────────────────────────────────────────────────────────────────────────────────────────────────────╯

[0;0H╭──────────────────────────────────────────────────────────────────────────────────────────────────────────────────────╮
│  🐡 PufferLib 2.0.0                          CPU: 5376.0%       GPU: 16.0%        DRAM: 8.5%            VRAM: 97.3%  │
│                                                                                                                      │
│  Summary                        Value    Evaluate              54m 55s    95%    Losses                       Value  │
│  Environment               beam_rider      Forward             42m 48s    74%    policy_loss                 -0.002  │
│  Agent Steps                     8.9m      Env                  1m 32s     2%    value_loss                   9.994  │
│  SPS                             2.5k      Misc                 9m 19s    16%    entropy                      1.284  │
│  Epoch                            291    Train                  2m 38s     4%    old_approx_kl                0.044  │
│  Uptime                       57m 34s      Forward                 35s     1%    approx_kl                    0.043  │
│  Remaining                     1m 48s      Learn                1m 32s     2%    clipfrac                     0.064  │
│                                            Misc                    29s     0%    explained_variance           0.986  │
│                                                                                                                      │
│  User Stats                                        Value    User Stats                                        Value  │
│  episode_return                                 1319.619    episode_length                                 1594.333  │
│                                                                                                                      │
│  Message: Checkpoint saved at update 288                                                                             │
╰──────────────────────────────────────────────────────────────────────────────────────────────────────────────────────╯

[0;0H╭──────────────────────────────────────────────────────────────────────────────────────────────────────────────────────╮
│  🐡 PufferLib 2.0.0                          CPU: 5358.5%       GPU: 20.1%        DRAM: 8.5%            VRAM: 97.3%  │
│                                                                                                                      │
│  Summary                        Value    Evaluate               55m 7s    95%    Losses                       Value  │
│  Environment               beam_rider      Forward             42m 57s    74%    policy_loss                 -0.004  │
│  Agent Steps                     9.0m      Env                  1m 32s     2%    value_loss                  14.814  │
│  SPS                             2.5k      Misc                 9m 21s    16%    entropy                      1.229  │
│  Epoch                            292    Train                  2m 38s     4%    old_approx_kl                0.056  │
│  Uptime                       57m 47s      Forward                 35s     1%    approx_kl                    0.052  │
│  Remaining                     1m 37s      Learn                1m 32s     2%    clipfrac                     0.082  │
│                                            Misc                    29s     0%    explained_variance           0.974  │
│                                                                                                                      │
│  User Stats                                        Value    User Stats                                        Value  │
│  episode_return                                 1368.000    episode_length                                 1641.357  │
│                                                                                                                      │
│  Message: Checkpoint saved at update 291                                                                             │
╰──────────────────────────────────────────────────────────────────────────────────────────────────────────────────────╯

[0;0H╭──────────────────────────────────────────────────────────────────────────────────────────────────────────────────────╮
│  🐡 PufferLib 2.0.0                          CPU: 5377.5%       GPU: 18.3%        DRAM: 8.5%            VRAM: 97.3%  │
│                                                                                                                      │
│  Summary                        Value    Evaluate              55m 18s    95%    Losses                       Value  │
│  Environment               beam_rider      Forward              43m 6s    74%    policy_loss                 -0.001  │
│  Agent Steps                     9.0m      Env                  1m 32s     2%    value_loss                  13.637  │
│  SPS                             2.6k      Misc                 9m 23s    16%    entropy                      1.271  │
│  Epoch                            293    Train                  2m 39s     4%    old_approx_kl                0.051  │
│  Uptime                       57m 58s      Forward                 35s     1%    approx_kl                    0.050  │
│  Remaining                     1m 22s      Learn                1m 33s     2%    clipfrac                     0.076  │
│                                            Misc                    29s     0%    explained_variance           0.979  │
│                                                                                                                      │
│  User Stats                                        Value    User Stats                                        Value  │
│  episode_return                                 1597.667    episode_length                                 1808.778  │
│                                                                                                                      │
│  Message: Checkpoint saved at update 291                                                                             │
╰──────────────────────────────────────────────────────────────────────────────────────────────────────────────────────╯

[0;0H╭──────────────────────────────────────────────────────────────────────────────────────────────────────────────────────╮
│  🐡 PufferLib 2.0.0                          CPU: 5374.5%       GPU: 15.6%        DRAM: 8.5%            VRAM: 97.3%  │
│                                                                                                                      │
│  Summary                        Value    Evaluate              55m 30s    95%    Losses                       Value  │
│  Environment               beam_rider      Forward             43m 15s    74%    policy_loss                  0.000  │
│  Agent Steps                     9.0m      Env                  1m 33s     2%    value_loss                   9.747  │
│  SPS                             2.4k      Misc                 9m 25s    16%    entropy                      1.292  │
│  Epoch                            294    Train                  2m 39s     4%    old_approx_kl                0.050  │
│  Uptime                       58m 11s      Forward                 35s     1%    approx_kl                    0.053  │
│  Remaining                     1m 15s      Learn                1m 33s     2%    clipfrac                     0.072  │
│                                            Misc                    29s     0%    explained_variance           0.985  │
│                                                                                                                      │
│  User Stats                                        Value    User Stats                                        Value  │
│  episode_return                                 1511.200    episode_length                                 1708.650  │
│                                                                                                                      │
│  Message: Checkpoint saved at update 291                                                                             │
╰──────────────────────────────────────────────────────────────────────────────────────────────────────────────────────╯

[0;0H╭──────────────────────────────────────────────────────────────────────────────────────────────────────────────────────╮
│  🐡 PufferLib 2.0.0                          CPU: 5343.5%       GPU: 15.2%        DRAM: 8.5%            VRAM: 97.3%  │
│                                                                                                                      │
│  Summary                        Value    Evaluate              55m 42s    95%    Losses                       Value  │
│  Environment               beam_rider      Forward             43m 24s    74%    policy_loss                 -0.001  │
│  Agent Steps                     9.1m      Env                  1m 33s     2%    value_loss                  13.146  │
│  SPS                             2.5k      Misc                 9m 27s    16%    entropy                      1.250  │
│  Epoch                            295    Train                  2m 40s     4%    old_approx_kl                0.057  │
│  Uptime                       58m 23s      Forward                 35s     1%    approx_kl                    0.052  │
│  Remaining                      1m 2s      Learn                1m 33s     2%    clipfrac                     0.077  │
│                                            Misc                    30s     0%    explained_variance           0.980  │
│                                                                                                                      │
│  User Stats                                        Value    User Stats                                        Value  │
│  episode_return                                 1434.105    episode_length                                 1794.053  │
│                                                                                                                      │
│  Message: Checkpoint saved at update 294                                                                             │
╰──────────────────────────────────────────────────────────────────────────────────────────────────────────────────────╯

[0;0H╭──────────────────────────────────────────────────────────────────────────────────────────────────────────────────────╮
│  🐡 PufferLib 2.0.0                          CPU: 5372.0%       GPU: 19.3%        DRAM: 8.5%            VRAM: 97.3%  │
│                                                                                                                      │
│  Summary                        Value    Evaluate              55m 54s    95%    Losses                       Value  │
│  Environment               beam_rider      Forward             43m 34s    74%    policy_loss                 -0.001  │
│  Agent Steps                     9.1m      Env                  1m 33s     2%    value_loss                  10.148  │
│  SPS                             2.5k      Misc                 9m 29s    16%    entropy                      1.287  │
│  Epoch                            296    Train                  2m 40s     4%    old_approx_kl                0.049  │
│  Uptime                       58m 36s      Forward                 35s     1%    approx_kl                    0.044  │
│  Remaining                        50s      Learn                1m 34s     2%    clipfrac                     0.068  │
│                                            Misc                    30s     0%    explained_variance           0.984  │
│                                                                                                                      │
│  User Stats                                        Value    User Stats                                        Value  │
│  episode_return                                 1529.167    episode_length                                 1737.917  │
│                                                                                                                      │
│  Message: Checkpoint saved at update 294                                                                             │
╰──────────────────────────────────────────────────────────────────────────────────────────────────────────────────────╯

[0;0H╭──────────────────────────────────────────────────────────────────────────────────────────────────────────────────────╮
│  🐡 PufferLib 2.0.0                          CPU: 5370.0%       GPU: 17.9%        DRAM: 8.5%            VRAM: 97.3%  │
│                                                                                                                      │
│  Summary                        Value    Evaluate               56m 5s    95%    Losses                       Value  │
│  Environment               beam_rider      Forward             43m 42s    74%    policy_loss                 -0.001  │
│  Agent Steps                     9.1m      Env                  1m 34s     2%    value_loss                  14.998  │
│  SPS                             2.7k      Misc                 9m 31s    16%    entropy                      1.286  │
│  Epoch                            297    Train                  2m 41s     4%    old_approx_kl                0.047  │
│  Uptime                       58m 47s      Forward                 35s     1%    approx_kl                    0.047  │
│  Remaining                        34s      Learn                1m 34s     2%    clipfrac                     0.071  │
│                                            Misc                    30s     0%    explained_variance           0.976  │
│                                                                                                                      │
│  User Stats                                        Value    User Stats                                        Value  │
│  episode_return                                 1457.067    episode_length                                 1742.267  │
│                                                                                                                      │
│  Message: Checkpoint saved at update 294                                                                             │
╰──────────────────────────────────────────────────────────────────────────────────────────────────────────────────────╯

[0;0H╭──────────────────────────────────────────────────────────────────────────────────────────────────────────────────────╮
│  🐡 PufferLib 2.0.0                          CPU: 5361.5%       GPU: 16.3%        DRAM: 8.5%            VRAM: 97.3%  │
│                                                                                                                      │
│  Summary                        Value    Evaluate              56m 16s    95%    Losses                       Value  │
│  Environment               beam_rider      Forward             43m 51s    74%    policy_loss                 -0.003  │
│  Agent Steps                     9.2m      Env                  1m 34s     2%    value_loss                  10.050  │
│  SPS                             2.6k      Misc                 9m 33s    16%    entropy                      1.290  │
│  Epoch                            298    Train                  2m 41s     4%    old_approx_kl                0.045  │
│  Uptime                       58m 59s      Forward                 36s     1%    approx_kl                    0.043  │
│  Remaining                        23s      Learn                1m 34s     2%    clipfrac                     0.069  │
│                                            Misc                    30s     0%    explained_variance           0.987  │
│                                                                                                                      │
│  User Stats                                        Value    User Stats                                        Value  │
│  episode_return                                 1681.333    episode_length                                 1952.083  │
│                                                                                                                      │
│  Message: Checkpoint saved at update 297                                                                             │
╰──────────────────────────────────────────────────────────────────────────────────────────────────────────────────────╯

[0;0H╭──────────────────────────────────────────────────────────────────────────────────────────────────────────────────────╮
│  🐡 PufferLib 2.0.0                          CPU: 5380.0%       GPU: 16.2%        DRAM: 8.5%            VRAM: 97.3%  │
│                                                                                                                      │
│  Summary                        Value    Evaluate              56m 27s    95%    Losses                       Value  │
│  Environment               beam_rider      Forward             43m 59s    74%    policy_loss                 -0.003  │
│  Agent Steps                     9.2m      Env                  1m 34s     2%    value_loss                   8.933  │
│  SPS                             2.7k      Misc                 9m 34s    16%    entropy                      1.308  │
│  Epoch                            299    Train                  2m 42s     4%    old_approx_kl                0.058  │
│  Uptime                       59m 10s      Forward                 36s     1%    approx_kl                    0.054  │
│  Remaining                        11s      Learn                1m 34s     2%    clipfrac                     0.084  │
│                                            Misc                    30s     0%    explained_variance           0.988  │
│                                                                                                                      │
│  User Stats                                        Value    User Stats                                        Value  │
│  episode_return                                 1373.750    episode_length                                 1741.750  │
│                                                                                                                      │
│  Message: Checkpoint saved at update 297                                                                             │
╰──────────────────────────────────────────────────────────────────────────────────────────────────────────────────────╯

[0;0H╭──────────────────────────────────────────────────────────────────────────────────────────────────────────────────────╮
│  🐡 PufferLib 2.0.0                          CPU: 5379.5%       GPU: 18.8%        DRAM: 8.5%            VRAM: 97.3%  │
│                                                                                                                      │
│  Summary                        Value    Evaluate              56m 27s    95%    Losses                       Value  │
│  Environment               beam_rider      Forward             43m 59s    74%    policy_loss                 -0.002  │
│  Agent Steps                     9.2m      Env                  1m 34s     2%    value_loss                   9.312  │
│  SPS                             2.7k      Misc                 9m 34s    16%    entropy                      1.288  │
│  Epoch                            300    Train                  2m 42s     4%    old_approx_kl                0.046  │
│  Uptime                       59m 10s      Forward                 36s     1%    approx_kl                    0.044  │
│  Remaining                        11s      Learn                1m 34s     2%    clipfrac                     0.068  │
│                                            Misc                    30s     0%    explained_variance           0.987  │
│                                                                                                                      │
│  User Stats                                        Value    User Stats                                        Value  │
│  episode_return                                 1476.000    episode_length                                 1840.769  │
│                                                                                                                      │
│  Message: Checkpoint saved at update 297                                                                             │
╰──────────────────────────────────────────────────────────────────────────────────────────────────────────────────────╯

